listing_id,date,price,available
10123,2023-01-01,3106.0,1
10123,2023-01-02,1124.0,1
10123,2023-01-03,929.0,1
10123,2023-01-04,3435.0,1
10123,2023-01-05,921.0,1
10123,2023-01-06,2239.0,1
10123,2023-01-07,2193.0,1
10123,2023-01-08,2835.0,1
10123,2023-01-09,2952.0,1
10123,2023-01-10,1894.0,1
10123,2023-01-11,3274.0,1
10123,2023-01-12,3196.0,1
10123,2023-01-13,1301.0,0
10123,2023-01-14,2826.0,1
10123,2023-01-15,3362.0,1
10123,2023-01-16,2012.0,1
10123,2023-01-17,2187.0,1
10123,2023-01-18,2663.0,1
10123,2023-01-19,983.0,1
10123,2023-01-20,867.0,1
10123,2023-01-21,1257.0,1
10123,2023-01-22,2102.0,1
10123,2023-01-23,2091.0,1
10123,2023-01-24,706.0,1
10123,2023-01-25,3235.0,1
10123,2023-01-26,2160.0,1
10123,2023-01-27,1613.0,1
10123,2023-01-28,1229.0,1
10123,2023-01-29,598.0,1
10123,2023-01-30,1849.0,1
10123,2023-01-31,1004.0,1
10123,2023-02-01,2018.0,1
10123,2023-02-02,1311.0,1
10123,2023-02-03,1613.0,1
10123,2023-02-04,522.0,1
10123,2023-02-05,1184.0,1
10123,2023-02-06,2469.0,1
10123,2023-02-07,916.0,1
10123,2023-02-08,1809.0,0
10123,2023-02-09,2323.0,1
10123,2023-02-10,2923.0,1
10123,2023-02-11,907.0,1
10123,2023-02-12,2175.0,1
10123,2023-02-13,2857.0,1
10123,2023-02-14,1106.0,1
10123,2023-02-15,3143.0,1
10123,2023-02-16,2645.0,1
10123,2023-02-17,746.0,1
10123,2023-02-18,2616.0,1
10123,2023-02-19,1017.0,1
10123,2023-02-20,951.0,1
10123,2023-02-21,1123.0,1
10123,2023-02-22,2463.0,0
10123,2023-02-23,2080.0,1
10123,2023-02-24,2241.0,1
10123,2023-02-25,589.0,1
10123,2023-02-26,3323.0,1
10123,2023-02-27,2794.0,1
10123,2023-02-28,3414.0,0
10123,2023-03-01,833.0,1
10123,2023-03-02,2704.0,1
10123,2023-03-03,2772.0,1
10123,2023-03-04,1693.0,1
10123,2023-03-05,2943.0,1
10123,2023-03-06,571.0,1
10123,2023-03-07,3303.0,1
10123,2023-03-08,1918.0,1
10123,2023-03-09,1060.0,1
10123,2023-03-10,1090.0,1
10123,2023-03-11,3312.0,1
10123,2023-03-12,2217.0,1
10123,2023-03-13,2731.0,1
10123,2023-03-14,3315.0,1
10123,2023-03-15,2534.0,1
10123,2023-03-16,2235.0,1
10123,2023-03-17,993.0,1
10123,2023-03-18,553.0,1
10123,2023-03-19,1650.0,1
10123,2023-03-20,2431.0,1
10123,2023-03-21,1064.0,0
10123,2023-03-22,2589.0,1
10123,2023-03-23,1690.0,1
10123,2023-03-24,1609.0,0
10123,2023-03-25,2368.0,1
10123,2023-03-26,2015.0,1
10123,2023-03-27,835.0,0
10123,2023-03-28,3132.0,0
10123,2023-03-29,881.0,0
10123,2023-03-30,2123.0,1
10123,2023-03-31,3194.0,1
10123,2023-04-01,1152.0,1
10123,2023-04-02,516.0,1
10123,2023-04-03,1514.0,1
10123,2023-04-04,2394.0,1
10123,2023-04-05,2248.0,0
10123,2023-04-06,3325.0,1
10123,2023-04-07,1560.0,1
10123,2023-04-08,1375.0,1
10123,2023-04-09,2273.0,1
10123,2023-04-10,2091.0,1
10123,2023-04-11,2719.0,1
10123,2023-04-12,713.0,0
10123,2023-04-13,510.0,1
10123,2023-04-14,1785.0,1
10123,2023-04-15,595.0,1
10123,2023-04-16,2468.0,1
10123,2023-04-17,2352.0,0
10123,2023-04-18,983.0,1
10123,2023-04-19,970.0,1
10123,2023-04-20,1542.0,1
10123,2023-04-21,2209.0,1
10123,2023-04-22,2662.0,0
10123,2023-04-23,955.0,1
10123,2023-04-24,738.0,1
10123,2023-04-25,3004.0,1
10123,2023-04-26,3136.0,1
10123,2023-04-27,3347.0,1
10123,2023-04-28,909.0,0
10123,2023-04-29,2241.0,1
10123,2023-04-30,2284.0,1
10123,2023-05-01,1199.0,0
10123,2023-05-02,1891.0,0
10123,2023-05-03,2976.0,0
10123,2023-05-04,2882.0,1
10123,2023-05-05,1250.0,1
10123,2023-05-06,2912.0,1
10123,2023-05-07,2928.0,1
10123,2023-05-08,555.0,1
10123,2023-05-09,2319.0,1
10123,2023-05-10,2091.0,1
10123,2023-05-11,1035.0,0
10123,2023-05-12,3426.0,1
10123,2023-05-13,505.0,1
10123,2023-05-14,1998.0,1
10123,2023-05-15,3081.0,0
10123,2023-05-16,2694.0,1
10123,2023-05-17,1688.0,1
10123,2023-05-18,2543.0,1
10123,2023-05-19,2806.0,1
10123,2023-05-20,1675.0,1
10123,2023-05-21,1361.0,1
10123,2023-05-22,2036.0,0
10123,2023-05-23,3489.0,1
10123,2023-05-24,764.0,1
10123,2023-05-25,1554.0,1
10123,2023-05-26,897.0,1
10123,2023-05-27,2375.0,1
10123,2023-05-28,3406.0,1
10123,2023-05-29,2231.0,1
10123,2023-05-30,2844.0,0
10123,2023-05-31,887.0,1
10123,2023-06-01,1063.0,1
10123,2023-06-02,832.0,1
10123,2023-06-03,1719.0,1
10123,2023-06-04,1911.0,1
10123,2023-06-05,1503.0,1
10123,2023-06-06,1234.0,1
10123,2023-06-07,1308.0,0
10123,2023-06-08,1188.0,1
10123,2023-06-09,1320.0,1
10123,2023-06-10,825.0,1
10123,2023-06-11,2343.0,1
10123,2023-06-12,1282.0,1
10123,2023-06-13,1717.0,1
10123,2023-06-14,717.0,1
10123,2023-06-15,1920.0,1
10123,2023-06-16,3225.0,1
10123,2023-06-17,2719.0,1
10123,2023-06-18,969.0,1
10123,2023-06-19,1473.0,0
10123,2023-06-20,1898.0,1
10123,2023-06-21,3321.0,1
10123,2023-06-22,875.0,0
10123,2023-06-23,1719.0,0
10123,2023-06-24,2075.0,1
10123,2023-06-25,996.0,1
10123,2023-06-26,1980.0,1
10123,2023-06-27,1367.0,0
10123,2023-06-28,2761.0,1
10123,2023-06-29,3115.0,1
10123,2023-06-30,2844.0,0
10123,2023-07-01,2743.0,1
10123,2023-07-02,2556.0,1
10123,2023-07-03,1993.0,1
10123,2023-07-04,1214.0,1
10123,2023-07-05,1382.0,1
10123,2023-07-06,969.0,0
10123,2023-07-07,1581.0,1
10123,2023-07-08,983.0,1
10123,2023-07-09,1531.0,0
10123,2023-07-10,830.0,1
10123,2023-07-11,2524.0,1
10123,2023-07-12,2122.0,1
10123,2023-07-13,1504.0,1
10123,2023-07-14,904.0,1
10123,2023-07-15,1945.0,1
10123,2023-07-16,3373.0,1
10123,2023-07-17,2082.0,1
10123,2023-07-18,1488.0,1
10123,2023-07-19,3087.0,1
10123,2023-07-20,2095.0,1
10123,2023-07-21,1104.0,1
10123,2023-07-22,3438.0,1
10123,2023-07-23,2202.0,1
10123,2023-07-24,3190.0,0
10123,2023-07-25,827.0,1
10123,2023-07-26,816.0,1
10123,2023-07-27,2342.0,1
10123,2023-07-28,1648.0,1
10123,2023-07-29,2652.0,0
10123,2023-07-30,1236.0,1
10123,2023-07-31,1803.0,1
10123,2023-08-01,2203.0,1
10123,2023-08-02,3494.0,1
10123,2023-08-03,2564.0,1
10123,2023-08-04,1129.0,1
10123,2023-08-05,2200.0,1
10123,2023-08-06,1165.0,1
10123,2023-08-07,3296.0,1
10123,2023-08-08,1099.0,0
10123,2023-08-09,2943.0,1
10123,2023-08-10,1930.0,1
10123,2023-08-11,1148.0,1
10123,2023-08-12,906.0,1
10123,2023-08-13,1169.0,1
10123,2023-08-14,3225.0,0
10123,2023-08-15,2427.0,1
10123,2023-08-16,1424.0,1
10123,2023-08-17,2768.0,1
10123,2023-08-18,952.0,1
10123,2023-08-19,780.0,1
10123,2023-08-20,3188.0,1
10123,2023-08-21,1234.0,1
10123,2023-08-22,737.0,1
10123,2023-08-23,3469.0,1
10123,2023-08-24,3397.0,1
10123,2023-08-25,2324.0,1
10123,2023-08-26,2121.0,1
10123,2023-08-27,3197.0,1
10123,2023-08-28,1943.0,1
10123,2023-08-29,1972.0,0
10123,2023-08-30,1823.0,1
10123,2023-08-31,1308.0,1
10123,2023-09-01,888.0,1
10123,2023-09-02,776.0,1
10123,2023-09-03,1568.0,1
10123,2023-09-04,677.0,1
10123,2023-09-05,3195.0,1
10123,2023-09-06,3235.0,1
10123,2023-09-07,2881.0,1
10123,2023-09-08,566.0,1
10123,2023-09-09,2520.0,1
10123,2023-09-10,1171.0,0
10123,2023-09-11,2135.0,1
10123,2023-09-12,2326.0,1
10123,2023-09-13,1117.0,0
10123,2023-09-14,808.0,1
10123,2023-09-15,3019.0,1
10123,2023-09-16,3175.0,1
10123,2023-09-17,623.0,1
10123,2023-09-18,2270.0,1
10123,2023-09-19,1608.0,1
10123,2023-09-20,1862.0,1
10123,2023-09-21,651.0,1
10123,2023-09-22,2318.0,1
10123,2023-09-23,1361.0,1
10123,2023-09-24,2110.0,1
10123,2023-09-25,2388.0,1
10123,2023-09-26,1803.0,1
10123,2023-09-27,1402.0,1
10123,2023-09-28,2864.0,1
10123,2023-09-29,2200.0,1
10123,2023-09-30,2357.0,1
10123,2023-10-01,1761.0,1
10123,2023-10-02,1942.0,1
10123,2023-10-03,670.0,1
10123,2023-10-04,2038.0,1
10123,2023-10-05,1755.0,1
10123,2023-10-06,2548.0,1
10123,2023-10-07,673.0,0
10123,2023-10-08,2842.0,1
10123,2023-10-09,1884.0,1
10123,2023-10-10,2064.0,1
10123,2023-10-11,2715.0,1
10123,2023-10-12,1564.0,1
10123,2023-10-13,3302.0,1
10123,2023-10-14,3199.0,1
10123,2023-10-15,1697.0,0
10123,2023-10-16,568.0,1
10123,2023-10-17,1606.0,1
10123,2023-10-18,3328.0,1
10123,2023-10-19,3203.0,1
10123,2023-10-20,1529.0,0
10123,2023-10-21,3408.0,1
10123,2023-10-22,2241.0,1
10123,2023-10-23,1591.0,1
10123,2023-10-24,894.0,1
10123,2023-10-25,2703.0,1
10123,2023-10-26,996.0,1
10123,2023-10-27,1984.0,1
10123,2023-10-28,2094.0,1
10123,2023-10-29,1171.0,1
10123,2023-10-30,1782.0,1
10123,2023-10-31,2759.0,1
10123,2023-11-01,2864.0,1
10123,2023-11-02,1666.0,1
10123,2023-11-03,2978.0,0
10123,2023-11-04,2388.0,1
10123,2023-11-05,2997.0,1
10123,2023-11-06,1173.0,1
10123,2023-11-07,779.0,1
10123,2023-11-08,2679.0,1
10123,2023-11-09,1542.0,1
10123,2023-11-10,3285.0,1
10123,2023-11-11,2839.0,1
10123,2023-11-12,1099.0,1
10123,2023-11-13,1446.0,1
10123,2023-11-14,2272.0,0
10123,2023-11-15,902.0,1
10123,2023-11-16,1865.0,1
10123,2023-11-17,2402.0,1
10123,2023-11-18,2573.0,1
10123,2023-11-19,1655.0,1
10123,2023-11-20,3274.0,1
10123,2023-11-21,1374.0,1
10123,2023-11-22,905.0,0
10123,2023-11-23,1288.0,1
10123,2023-11-24,3453.0,1
10123,2023-11-25,3498.0,1
10123,2023-11-26,2471.0,1
10123,2023-11-27,2393.0,1
10123,2023-11-28,1247.0,1
10123,2023-11-29,2292.0,1
10123,2023-11-30,2546.0,1
10123,2023-12-01,2171.0,1
10123,2023-12-02,1278.0,1
10123,2023-12-03,3315.0,1
10123,2023-12-04,3466.0,1
10123,2023-12-05,1247.0,1
10123,2023-12-06,2745.0,1
10123,2023-12-07,3359.0,1
10123,2023-12-08,2746.0,1
10123,2023-12-09,2747.0,1
10123,2023-12-10,2333.0,0
10123,2023-12-11,3098.0,1
10123,2023-12-12,589.0,1
10123,2023-12-13,2291.0,0
10123,2023-12-14,756.0,1
10123,2023-12-15,3243.0,1
10123,2023-12-16,2498.0,1
10123,2023-12-17,705.0,0
10123,2023-12-18,1128.0,1
10123,2023-12-19,2182.0,1
10123,2023-12-20,1015.0,0
10123,2023-12-21,580.0,1
10123,2023-12-22,1610.0,1
10123,2023-12-23,1964.0,0
10123,2023-12-24,2842.0,1
10123,2023-12-25,3059.0,1
10123,2023-12-26,1335.0,1
10123,2023-12-27,2532.0,0
10123,2023-12-28,866.0,1
10123,2023-12-29,1886.0,1
10123,2023-12-30,1808.0,1
10123,2023-12-31,634.0,1
10123,2024-01-01,1246.0,1
10123,2024-01-02,2692.0,1
10123,2024-01-03,565.0,1
10123,2024-01-04,2378.0,1
10123,2024-01-05,653.0,1
10123,2024-01-06,2247.0,0
10123,2024-01-07,1994.0,1
10123,2024-01-08,753.0,1
10123,2024-01-09,2636.0,1
10123,2024-01-10,1702.0,1
10123,2024-01-11,3048.0,0
10123,2024-01-12,1170.0,0
10123,2024-01-13,2224.0,1
10123,2024-01-14,2093.0,0
10123,2024-01-15,3140.0,1
10123,2024-01-16,3263.0,1
10123,2024-01-17,517.0,1
10123,2024-01-18,2654.0,1
10123,2024-01-19,930.0,0
10123,2024-01-20,583.0,1
10123,2024-01-21,761.0,1
10123,2024-01-22,2588.0,1
10123,2024-01-23,1215.0,1
10123,2024-01-24,1476.0,1
10123,2024-01-25,569.0,1
10123,2024-01-26,1017.0,1
10123,2024-01-27,2151.0,1
10123,2024-01-28,3449.0,1
10123,2024-01-29,3188.0,1
10123,2024-01-30,743.0,1
10123,2024-01-31,2522.0,1
10123,2024-02-01,2095.0,1
10123,2024-02-02,835.0,1
10123,2024-02-03,2036.0,1
10123,2024-02-04,2000.0,1
10123,2024-02-05,2889.0,1
10123,2024-02-06,2947.0,1
10123,2024-02-07,1859.0,1
10123,2024-02-08,1549.0,1
10123,2024-02-09,2168.0,1
10123,2024-02-10,1600.0,1
10123,2024-02-11,2305.0,1
10123,2024-02-12,565.0,1
10123,2024-02-13,783.0,1
10123,2024-02-14,3259.0,1
10123,2024-02-15,3199.0,1
10123,2024-02-16,1977.0,1
10123,2024-02-17,3202.0,1
10123,2024-02-18,2659.0,1
10123,2024-02-19,2777.0,1
10123,2024-02-20,2643.0,0
10123,2024-02-21,938.0,1
10123,2024-02-22,2386.0,1
10123,2024-02-23,1393.0,1
10123,2024-02-24,2253.0,1
10123,2024-02-25,2800.0,0
10123,2024-02-26,2141.0,1
10123,2024-02-27,1288.0,1
10123,2024-02-28,1893.0,1
10123,2024-02-29,1469.0,1
10123,2024-03-01,3176.0,0
10123,2024-03-02,2268.0,0
10123,2024-03-03,782.0,0
10123,2024-03-04,1196.0,1
10123,2024-03-05,2333.0,1
10123,2024-03-06,3183.0,1
10123,2024-03-07,1986.0,1
10123,2024-03-08,754.0,1
10123,2024-03-09,1673.0,1
10123,2024-03-10,1768.0,1
10123,2024-03-11,1312.0,0
10123,2024-03-12,1969.0,1
10123,2024-03-13,1424.0,1
10123,2024-03-14,959.0,1
10123,2024-03-15,838.0,1
10123,2024-03-16,2361.0,1
10123,2024-03-17,2375.0,1
10123,2024-03-18,1709.0,1
10123,2024-03-19,3257.0,1
10123,2024-03-20,3343.0,1
10123,2024-03-21,3374.0,1
10123,2024-03-22,3221.0,1
10123,2024-03-23,1798.0,0
10123,2024-03-24,2248.0,1
10123,2024-03-25,1743.0,1
10123,2024-03-26,2264.0,1
10123,2024-03-27,1677.0,1
10123,2024-03-28,2249.0,1
10123,2024-03-29,2684.0,1
10123,2024-03-30,2686.0,0
10123,2024-03-31,3047.0,1
10123,2024-04-01,1048.0,1
10123,2024-04-02,1296.0,1
10123,2024-04-03,2243.0,1
10123,2024-04-04,946.0,1
10123,2024-04-05,2586.0,1
10123,2024-04-06,2366.0,1
10123,2024-04-07,535.0,0
10123,2024-04-08,3148.0,1
10123,2024-04-09,1684.0,1
10123,2024-04-10,2068.0,1
10123,2024-04-11,3307.0,1
10123,2024-04-12,1013.0,0
10123,2024-04-13,925.0,1
10123,2024-04-14,1352.0,1
10123,2024-04-15,3490.0,1
10123,2024-04-16,3034.0,1
10123,2024-04-17,3460.0,1
10123,2024-04-18,1343.0,0
10123,2024-04-19,1529.0,1
10123,2024-04-20,583.0,1
10123,2024-04-21,896.0,1
10123,2024-04-22,3426.0,1
10123,2024-04-23,2833.0,1
10123,2024-04-24,634.0,1
10123,2024-04-25,3195.0,1
10123,2024-04-26,3023.0,1
10123,2024-04-27,2127.0,1
10123,2024-04-28,1515.0,1
10123,2024-04-29,3237.0,1
10123,2024-04-30,1685.0,1
10123,2024-05-01,3220.0,1
10123,2024-05-02,1068.0,1
10123,2024-05-03,2184.0,0
10123,2024-05-04,539.0,1
10123,2024-05-05,710.0,1
10123,2024-05-06,656.0,1
10123,2024-05-07,1059.0,1
10123,2024-05-08,2315.0,1
10123,2024-05-09,704.0,1
10123,2024-05-10,2906.0,1
10123,2024-05-11,2086.0,1
10123,2024-05-12,2960.0,1
10123,2024-05-13,2866.0,1
10123,2024-05-14,1600.0,0
10123,2024-05-15,2684.0,1
10123,2024-05-16,902.0,1
10123,2024-05-17,1573.0,1
10123,2024-05-18,2478.0,1
10123,2024-05-19,2101.0,1
10123,2024-05-20,1123.0,1
10123,2024-05-21,3451.0,1
10123,2024-05-22,1065.0,1
10123,2024-05-23,664.0,1
10123,2024-05-24,2398.0,0
10123,2024-05-25,2718.0,1
10123,2024-05-26,2502.0,1
10123,2024-05-27,1295.0,1
10123,2024-05-28,1653.0,1
10123,2024-05-29,1453.0,1
10123,2024-05-30,1749.0,1
10123,2024-05-31,1810.0,1
10123,2024-06-01,3037.0,1
10123,2024-06-02,2057.0,1
10123,2024-06-03,2514.0,1
10123,2024-06-04,1373.0,1
10123,2024-06-05,1997.0,1
10123,2024-06-06,1885.0,0
10123,2024-06-07,1901.0,0
10123,2024-06-08,3406.0,1
10123,2024-06-09,3016.0,0
10123,2024-06-10,2563.0,1
10123,2024-06-11,3231.0,1
10123,2024-06-12,3228.0,0
10123,2024-06-13,1721.0,1
10123,2024-06-14,651.0,1
10123,2024-06-15,1612.0,1
10123,2024-06-16,936.0,1
10123,2024-06-17,2005.0,1
10123,2024-06-18,3395.0,1
10123,2024-06-19,1217.0,1
10123,2024-06-20,2422.0,1
10123,2024-06-21,695.0,1
10123,2024-06-22,1271.0,1
10123,2024-06-23,1690.0,1
10123,2024-06-24,1853.0,1
10123,2024-06-25,1346.0,0
10123,2024-06-26,2787.0,1
10123,2024-06-27,1393.0,1
10123,2024-06-28,872.0,1
10123,2024-06-29,3115.0,0
10123,2024-06-30,2385.0,1
10123,2024-07-01,2481.0,1
10123,2024-07-02,3076.0,1
10123,2024-07-03,978.0,1
10123,2024-07-04,3177.0,0
10123,2024-07-05,579.0,0
10123,2024-07-06,725.0,1
10123,2024-07-07,2614.0,1
10123,2024-07-08,3403.0,1
10123,2024-07-09,1574.0,1
10123,2024-07-10,3099.0,1
10123,2024-07-11,2110.0,1
10123,2024-07-12,2489.0,1
10123,2024-07-13,2000.0,1
10123,2024-07-14,3333.0,1
10123,2024-07-15,3110.0,1
10123,2024-07-16,1241.0,1
10123,2024-07-17,2810.0,1
10123,2024-07-18,3001.0,1
10123,2024-07-19,2764.0,1
10123,2024-07-20,1235.0,1
10123,2024-07-21,2593.0,1
10123,2024-07-22,632.0,1
10123,2024-07-23,1128.0,1
10123,2024-07-24,2660.0,1
10123,2024-07-25,2591.0,1
10123,2024-07-26,1981.0,1
10123,2024-07-27,1528.0,0
10123,2024-07-28,1699.0,1
10123,2024-07-29,3256.0,1
10123,2024-07-30,1035.0,1
10123,2024-07-31,2586.0,1
10123,2024-08-01,1855.0,1
10123,2024-08-02,3466.0,1
10123,2024-08-03,2853.0,1
10123,2024-08-04,1320.0,1
10123,2024-08-05,1863.0,0
10123,2024-08-06,3313.0,0
10123,2024-08-07,1423.0,1
10123,2024-08-08,2287.0,1
10123,2024-08-09,2677.0,1
10123,2024-08-10,3400.0,1
10123,2024-08-11,3309.0,1
10123,2024-08-12,840.0,1
10123,2024-08-13,1299.0,1
10123,2024-08-14,2329.0,1
10123,2024-08-15,1435.0,1
10123,2024-08-16,2078.0,1
10123,2024-08-17,2175.0,1
10123,2024-08-18,2038.0,1
10123,2024-08-19,1452.0,0
10123,2024-08-20,2909.0,1
10123,2024-08-21,3166.0,1
10123,2024-08-22,2073.0,1
10123,2024-08-23,2879.0,1
10123,2024-08-24,1624.0,1
10123,2024-08-25,1129.0,1
10123,2024-08-26,1747.0,1
10123,2024-08-27,3000.0,0
10123,2024-08-28,1605.0,1
10123,2024-08-29,2941.0,1
10123,2024-08-30,2508.0,1
10123,2024-08-31,2485.0,1
10123,2024-09-01,2922.0,1
10123,2024-09-02,1874.0,1
10123,2024-09-03,549.0,1
10123,2024-09-04,974.0,1
10123,2024-09-05,2907.0,1
10123,2024-09-06,584.0,1
10123,2024-09-07,3342.0,1
10123,2024-09-08,3161.0,1
10123,2024-09-09,2224.0,1
10123,2024-09-10,2929.0,1
10123,2024-09-11,1552.0,1
10123,2024-09-12,2275.0,1
10123,2024-09-13,3284.0,1
10123,2024-09-14,872.0,1
10123,2024-09-15,895.0,1
10123,2024-09-16,1046.0,1
10123,2024-09-17,3392.0,1
10123,2024-09-18,948.0,0
10123,2024-09-19,2894.0,1
10123,2024-09-20,2986.0,1
10123,2024-09-21,2509.0,1
10123,2024-09-22,1530.0,0
10123,2024-09-23,2195.0,1
10123,2024-09-24,575.0,1
10123,2024-09-25,2415.0,1
10123,2024-09-26,2325.0,1
10123,2024-09-27,2924.0,1
10123,2024-09-28,2592.0,1
10123,2024-09-29,896.0,1
10123,2024-09-30,1806.0,1
10123,2024-10-01,2453.0,1
10123,2024-10-02,1816.0,1
10123,2024-10-03,586.0,1
10123,2024-10-04,2596.0,1
10123,2024-10-05,532.0,1
10123,2024-10-06,1410.0,1
10123,2024-10-07,1491.0,1
10123,2024-10-08,3042.0,1
10123,2024-10-09,2329.0,1
10123,2024-10-10,759.0,1
10123,2024-10-11,623.0,0
10123,2024-10-12,2069.0,1
10123,2024-10-13,3113.0,1
10123,2024-10-14,1846.0,1
10123,2024-10-15,2442.0,1
10123,2024-10-16,1117.0,1
10123,2024-10-17,1503.0,1
10123,2024-10-18,889.0,1
10123,2024-10-19,1608.0,1
10123,2024-10-20,1757.0,1
10123,2024-10-21,3344.0,1
10123,2024-10-22,1172.0,1
10123,2024-10-23,2386.0,1
10123,2024-10-24,727.0,1
10123,2024-10-25,2408.0,1
10123,2024-10-26,3384.0,1
10123,2024-10-27,1790.0,1
10123,2024-10-28,3428.0,0
10123,2024-10-29,2419.0,1
10123,2024-10-30,626.0,0
10123,2024-10-31,2896.0,1
10123,2024-11-01,2432.0,0
10123,2024-11-02,3317.0,1
10123,2024-11-03,1241.0,1
10123,2024-11-04,1663.0,0
10123,2024-11-05,1815.0,1
10123,2024-11-06,1704.0,0
10123,2024-11-07,2371.0,1
10123,2024-11-08,3175.0,1
10123,2024-11-09,1179.0,0
10123,2024-11-10,1479.0,1
10123,2024-11-11,1512.0,1
10123,2024-11-12,1899.0,1
10123,2024-11-13,2550.0,1
10123,2024-11-14,2344.0,1
10123,2024-11-15,2888.0,1
10123,2024-11-16,978.0,1
10123,2024-11-17,1071.0,1
10123,2024-11-18,2128.0,1
10123,2024-11-19,1767.0,1
10123,2024-11-20,3478.0,1
10123,2024-11-21,1179.0,1
10123,2024-11-22,871.0,1
10123,2024-11-23,790.0,1
10123,2024-11-24,1455.0,1
10123,2024-11-25,2670.0,1
10123,2024-11-26,2489.0,1
10123,2024-11-27,2396.0,0
10123,2024-11-28,3072.0,1
10123,2024-11-29,1596.0,1
10123,2024-11-30,2909.0,1
10123,2024-12-01,1506.0,1
10123,2024-12-02,1974.0,0
10123,2024-12-03,2790.0,1
10123,2024-12-04,2093.0,1
10123,2024-12-05,2045.0,1
10123,2024-12-06,1000.0,1
10123,2024-12-07,1466.0,1
10123,2024-12-08,2000.0,1
10123,2024-12-09,2471.0,1
10123,2024-12-10,3240.0,1
10123,2024-12-11,871.0,1
10123,2024-12-12,1792.0,1
10123,2024-12-13,3472.0,1
10123,2024-12-14,1595.0,1
10123,2024-12-15,1267.0,1
10123,2024-12-16,1974.0,1
10123,2024-12-17,1362.0,0
10123,2024-12-18,580.0,1
10123,2024-12-19,859.0,1
10123,2024-12-20,1445.0,0
10123,2024-12-21,3415.0,1
10123,2024-12-22,3200.0,0
10123,2024-12-23,1229.0,1
10123,2024-12-24,726.0,1
10123,2024-12-25,3023.0,1
10123,2024-12-26,1816.0,1
10123,2024-12-27,2974.0,1
10123,2024-12-28,2829.0,1
10123,2024-12-29,1855.0,1
10123,2024-12-30,3482.0,1
10123,2024-12-31,3021.0,1
10245,2023-01-01,2467.0,1
10245,2023-01-02,2873.0,1
10245,2023-01-03,3417.0,1
10245,2023-01-04,1038.0,1
10245,2023-01-05,3428.0,0
10245,2023-01-06,1640.0,1
10245,2023-01-07,2981.0,1
10245,2023-01-08,1602.0,1
10245,2023-01-09,1139.0,1
10245,2023-01-10,3212.0,1
10245,2023-01-11,1220.0,0
10245,2023-01-12,2861.0,1
10245,2023-01-13,1215.0,1
10245,2023-01-14,3304.0,1
10245,2023-01-15,501.0,1
10245,2023-01-16,3027.0,1
10245,2023-01-17,3375.0,1
10245,2023-01-18,1826.0,1
10245,2023-01-19,3311.0,1
10245,2023-01-20,2014.0,1
10245,2023-01-21,574.0,1
10245,2023-01-22,3269.0,1
10245,2023-01-23,3327.0,1
10245,2023-01-24,2684.0,1
10245,2023-01-25,1381.0,1
10245,2023-01-26,1827.0,1
10245,2023-01-27,2756.0,1
10245,2023-01-28,941.0,1
10245,2023-01-29,1423.0,1
10245,2023-01-30,1956.0,1
10245,2023-01-31,1906.0,1
10245,2023-02-01,2804.0,1
10245,2023-02-02,627.0,1
10245,2023-02-03,3449.0,1
10245,2023-02-04,3082.0,1
10245,2023-02-05,3131.0,1
10245,2023-02-06,3438.0,1
10245,2023-02-07,2923.0,1
10245,2023-02-08,2297.0,1
10245,2023-02-09,2806.0,1
10245,2023-02-10,1265.0,1
10245,2023-02-11,525.0,1
10245,2023-02-12,3046.0,1
10245,2023-02-13,2313.0,1
10245,2023-02-14,3077.0,0
10245,2023-02-15,878.0,1
10245,2023-02-16,1793.0,1
10245,2023-02-17,3300.0,0
10245,2023-02-18,1996.0,1
10245,2023-02-19,1185.0,0
10245,2023-02-20,1038.0,1
10245,2023-02-21,2059.0,1
10245,2023-02-22,2414.0,1
10245,2023-02-23,2372.0,1
10245,2023-02-24,3106.0,1
10245,2023-02-25,2927.0,1
10245,2023-02-26,1084.0,1
10245,2023-02-27,1302.0,1
10245,2023-02-28,1547.0,1
10245,2023-03-01,3102.0,1
10245,2023-03-02,2714.0,1
10245,2023-03-03,1091.0,1
10245,2023-03-04,1288.0,1
10245,2023-03-05,2996.0,1
10245,2023-03-06,945.0,0
10245,2023-03-07,873.0,1
10245,2023-03-08,2173.0,1
10245,2023-03-09,2846.0,1
10245,2023-03-10,2369.0,1
10245,2023-03-11,3235.0,1
10245,2023-03-12,2489.0,1
10245,2023-03-13,1279.0,1
10245,2023-03-14,2408.0,1
10245,2023-03-15,833.0,1
10245,2023-03-16,614.0,1
10245,2023-03-17,712.0,1
10245,2023-03-18,2618.0,1
10245,2023-03-19,2598.0,1
10245,2023-03-20,975.0,1
10245,2023-03-21,2651.0,0
10245,2023-03-22,1275.0,1
10245,2023-03-23,2007.0,0
10245,2023-03-24,2746.0,1
10245,2023-03-25,1997.0,1
10245,2023-03-26,1715.0,1
10245,2023-03-27,1750.0,1
10245,2023-03-28,547.0,1
10245,2023-03-29,2244.0,1
10245,2023-03-30,3342.0,0
10245,2023-03-31,2617.0,1
10245,2023-04-01,516.0,1
10245,2023-04-02,2599.0,1
10245,2023-04-03,794.0,1
10245,2023-04-04,1771.0,1
10245,2023-04-05,2885.0,1
10245,2023-04-06,1134.0,1
10245,2023-04-07,1929.0,1
10245,2023-04-08,1790.0,1
10245,2023-04-09,2975.0,1
10245,2023-04-10,1789.0,1
10245,2023-04-11,1083.0,1
10245,2023-04-12,744.0,1
10245,2023-04-13,1745.0,1
10245,2023-04-14,806.0,1
10245,2023-04-15,1218.0,1
10245,2023-04-16,3040.0,1
10245,2023-04-17,703.0,1
10245,2023-04-18,1483.0,0
10245,2023-04-19,1773.0,1
10245,2023-04-20,907.0,1
10245,2023-04-21,1632.0,1
10245,2023-04-22,1204.0,1
10245,2023-04-23,2058.0,1
10245,2023-04-24,2120.0,1
10245,2023-04-25,3211.0,1
10245,2023-04-26,1299.0,1
10245,2023-04-27,3167.0,1
10245,2023-04-28,867.0,1
10245,2023-04-29,1133.0,1
10245,2023-04-30,1449.0,1
10245,2023-05-01,529.0,1
10245,2023-05-02,2616.0,1
10245,2023-05-03,2048.0,1
10245,2023-05-04,2923.0,1
10245,2023-05-05,3176.0,1
10245,2023-05-06,1248.0,1
10245,2023-05-07,1977.0,1
10245,2023-05-08,797.0,1
10245,2023-05-09,3030.0,1
10245,2023-05-10,907.0,1
10245,2023-05-11,2359.0,1
10245,2023-05-12,1636.0,1
10245,2023-05-13,3398.0,1
10245,2023-05-14,2320.0,1
10245,2023-05-15,2148.0,1
10245,2023-05-16,2516.0,1
10245,2023-05-17,1138.0,1
10245,2023-05-18,1739.0,1
10245,2023-05-19,993.0,1
10245,2023-05-20,1592.0,1
10245,2023-05-21,2235.0,1
10245,2023-05-22,2659.0,0
10245,2023-05-23,2390.0,1
10245,2023-05-24,1460.0,1
10245,2023-05-25,689.0,1
10245,2023-05-26,2386.0,0
10245,2023-05-27,1200.0,1
10245,2023-05-28,1658.0,1
10245,2023-05-29,2876.0,1
10245,2023-05-30,1083.0,1
10245,2023-05-31,1102.0,1
10245,2023-06-01,1539.0,1
10245,2023-06-02,2922.0,1
10245,2023-06-03,676.0,1
10245,2023-06-04,3434.0,1
10245,2023-06-05,1546.0,1
10245,2023-06-06,2280.0,1
10245,2023-06-07,972.0,1
10245,2023-06-08,1364.0,1
10245,2023-06-09,1854.0,1
10245,2023-06-10,715.0,1
10245,2023-06-11,1342.0,1
10245,2023-06-12,3305.0,1
10245,2023-06-13,1228.0,1
10245,2023-06-14,757.0,1
10245,2023-06-15,3489.0,1
10245,2023-06-16,999.0,1
10245,2023-06-17,2656.0,1
10245,2023-06-18,2447.0,1
10245,2023-06-19,2434.0,1
10245,2023-06-20,1828.0,1
10245,2023-06-21,1578.0,1
10245,2023-06-22,3408.0,1
10245,2023-06-23,2925.0,1
10245,2023-06-24,3468.0,1
10245,2023-06-25,3384.0,1
10245,2023-06-26,1326.0,1
10245,2023-06-27,1732.0,1
10245,2023-06-28,2261.0,1
10245,2023-06-29,2460.0,1
10245,2023-06-30,2982.0,1
10245,2023-07-01,1943.0,1
10245,2023-07-02,1766.0,1
10245,2023-07-03,1276.0,1
10245,2023-07-04,2449.0,1
10245,2023-07-05,2283.0,1
10245,2023-07-06,2451.0,1
10245,2023-07-07,1190.0,1
10245,2023-07-08,1870.0,1
10245,2023-07-09,1826.0,1
10245,2023-07-10,1997.0,0
10245,2023-07-11,2358.0,1
10245,2023-07-12,2287.0,1
10245,2023-07-13,2784.0,1
10245,2023-07-14,995.0,1
10245,2023-07-15,1673.0,1
10245,2023-07-16,3046.0,1
10245,2023-07-17,3309.0,1
10245,2023-07-18,2421.0,1
10245,2023-07-19,1516.0,1
10245,2023-07-20,2828.0,1
10245,2023-07-21,805.0,1
10245,2023-07-22,1108.0,1
10245,2023-07-23,1429.0,1
10245,2023-07-24,2481.0,1
10245,2023-07-25,3402.0,1
10245,2023-07-26,3447.0,0
10245,2023-07-27,1615.0,0
10245,2023-07-28,557.0,1
10245,2023-07-29,2175.0,1
10245,2023-07-30,1500.0,1
10245,2023-07-31,2849.0,1
10245,2023-08-01,525.0,1
10245,2023-08-02,2863.0,0
10245,2023-08-03,1903.0,1
10245,2023-08-04,3387.0,1
10245,2023-08-05,3269.0,1
10245,2023-08-06,1174.0,1
10245,2023-08-07,2352.0,1
10245,2023-08-08,3386.0,1
10245,2023-08-09,1961.0,1
10245,2023-08-10,2006.0,1
10245,2023-08-11,1358.0,1
10245,2023-08-12,3130.0,1
10245,2023-08-13,3434.0,1
10245,2023-08-14,1861.0,1
10245,2023-08-15,3331.0,1
10245,2023-08-16,3344.0,1
10245,2023-08-17,2929.0,0
10245,2023-08-18,1102.0,1
10245,2023-08-19,2187.0,1
10245,2023-08-20,3373.0,1
10245,2023-08-21,2262.0,1
10245,2023-08-22,1136.0,1
10245,2023-08-23,737.0,1
10245,2023-08-24,1069.0,1
10245,2023-08-25,2047.0,1
10245,2023-08-26,1282.0,1
10245,2023-08-27,1574.0,1
10245,2023-08-28,1487.0,1
10245,2023-08-29,1479.0,1
10245,2023-08-30,1827.0,1
10245,2023-08-31,3246.0,1
10245,2023-09-01,3110.0,0
10245,2023-09-02,2447.0,1
10245,2023-09-03,1986.0,0
10245,2023-09-04,1471.0,1
10245,2023-09-05,1130.0,1
10245,2023-09-06,2015.0,1
10245,2023-09-07,683.0,1
10245,2023-09-08,508.0,1
10245,2023-09-09,2899.0,1
10245,2023-09-10,2450.0,1
10245,2023-09-11,2482.0,1
10245,2023-09-12,2355.0,1
10245,2023-09-13,1296.0,1
10245,2023-09-14,2208.0,0
10245,2023-09-15,3462.0,1
10245,2023-09-16,2047.0,1
10245,2023-09-17,3117.0,1
10245,2023-09-18,748.0,1
10245,2023-09-19,1695.0,1
10245,2023-09-20,703.0,1
10245,2023-09-21,3100.0,1
10245,2023-09-22,869.0,1
10245,2023-09-23,862.0,1
10245,2023-09-24,920.0,1
10245,2023-09-25,3376.0,1
10245,2023-09-26,1864.0,1
10245,2023-09-27,1822.0,1
10245,2023-09-28,726.0,1
10245,2023-09-29,2126.0,1
10245,2023-09-30,2165.0,1
10245,2023-10-01,3472.0,1
10245,2023-10-02,1196.0,1
10245,2023-10-03,1833.0,1
10245,2023-10-04,3303.0,1
10245,2023-10-05,1319.0,1
10245,2023-10-06,1091.0,0
10245,2023-10-07,2481.0,0
10245,2023-10-08,3024.0,1
10245,2023-10-09,2461.0,1
10245,2023-10-10,2392.0,1
10245,2023-10-11,508.0,0
10245,2023-10-12,1445.0,1
10245,2023-10-13,2694.0,1
10245,2023-10-14,815.0,1
10245,2023-10-15,1127.0,1
10245,2023-10-16,1565.0,1
10245,2023-10-17,827.0,1
10245,2023-10-18,2974.0,1
10245,2023-10-19,805.0,1
10245,2023-10-20,1869.0,1
10245,2023-10-21,899.0,1
10245,2023-10-22,1281.0,1
10245,2023-10-23,2718.0,1
10245,2023-10-24,909.0,1
10245,2023-10-25,2974.0,1
10245,2023-10-26,1321.0,1
10245,2023-10-27,533.0,1
10245,2023-10-28,1025.0,1
10245,2023-10-29,743.0,1
10245,2023-10-30,698.0,1
10245,2023-10-31,1984.0,1
10245,2023-11-01,763.0,1
10245,2023-11-02,2619.0,0
10245,2023-11-03,2415.0,0
10245,2023-11-04,2576.0,1
10245,2023-11-05,960.0,0
10245,2023-11-06,1204.0,1
10245,2023-11-07,2851.0,1
10245,2023-11-08,2941.0,1
10245,2023-11-09,2266.0,1
10245,2023-11-10,2882.0,1
10245,2023-11-11,1005.0,1
10245,2023-11-12,2272.0,1
10245,2023-11-13,521.0,1
10245,2023-11-14,1983.0,1
10245,2023-11-15,1122.0,1
10245,2023-11-16,3416.0,0
10245,2023-11-17,1840.0,1
10245,2023-11-18,2990.0,1
10245,2023-11-19,540.0,0
10245,2023-11-20,1846.0,0
10245,2023-11-21,3441.0,1
10245,2023-11-22,3318.0,1
10245,2023-11-23,3437.0,1
10245,2023-11-24,2564.0,1
10245,2023-11-25,2664.0,1
10245,2023-11-26,3335.0,1
10245,2023-11-27,1108.0,1
10245,2023-11-28,2679.0,1
10245,2023-11-29,2920.0,1
10245,2023-11-30,2966.0,1
10245,2023-12-01,2174.0,1
10245,2023-12-02,1262.0,1
10245,2023-12-03,3098.0,1
10245,2023-12-04,860.0,1
10245,2023-12-05,970.0,1
10245,2023-12-06,1168.0,0
10245,2023-12-07,1481.0,0
10245,2023-12-08,2741.0,1
10245,2023-12-09,1609.0,1
10245,2023-12-10,2249.0,1
10245,2023-12-11,618.0,1
10245,2023-12-12,1885.0,1
10245,2023-12-13,2277.0,1
10245,2023-12-14,1500.0,1
10245,2023-12-15,3315.0,0
10245,2023-12-16,2652.0,1
10245,2023-12-17,800.0,0
10245,2023-12-18,2860.0,1
10245,2023-12-19,2234.0,1
10245,2023-12-20,2757.0,1
10245,2023-12-21,1174.0,1
10245,2023-12-22,2253.0,1
10245,2023-12-23,1268.0,1
10245,2023-12-24,2440.0,1
10245,2023-12-25,3087.0,1
10245,2023-12-26,3458.0,1
10245,2023-12-27,3373.0,1
10245,2023-12-28,1741.0,1
10245,2023-12-29,3410.0,1
10245,2023-12-30,1118.0,1
10245,2023-12-31,1684.0,1
10245,2024-01-01,1214.0,1
10245,2024-01-02,2354.0,1
10245,2024-01-03,2682.0,0
10245,2024-01-04,2933.0,1
10245,2024-01-05,2204.0,1
10245,2024-01-06,3426.0,0
10245,2024-01-07,739.0,1
10245,2024-01-08,3184.0,1
10245,2024-01-09,3141.0,1
10245,2024-01-10,2557.0,1
10245,2024-01-11,2490.0,1
10245,2024-01-12,1376.0,1
10245,2024-01-13,1776.0,1
10245,2024-01-14,692.0,1
10245,2024-01-15,2992.0,1
10245,2024-01-16,1333.0,1
10245,2024-01-17,2294.0,1
10245,2024-01-18,898.0,1
10245,2024-01-19,2865.0,1
10245,2024-01-20,2089.0,0
10245,2024-01-21,3090.0,1
10245,2024-01-22,1401.0,1
10245,2024-01-23,2473.0,1
10245,2024-01-24,2083.0,1
10245,2024-01-25,2947.0,1
10245,2024-01-26,2194.0,0
10245,2024-01-27,1012.0,1
10245,2024-01-28,1277.0,0
10245,2024-01-29,1722.0,1
10245,2024-01-30,1187.0,1
10245,2024-01-31,2624.0,1
10245,2024-02-01,510.0,1
10245,2024-02-02,2206.0,1
10245,2024-02-03,598.0,1
10245,2024-02-04,3422.0,1
10245,2024-02-05,3270.0,1
10245,2024-02-06,2415.0,1
10245,2024-02-07,611.0,1
10245,2024-02-08,3054.0,0
10245,2024-02-09,2270.0,1
10245,2024-02-10,1378.0,0
10245,2024-02-11,3245.0,1
10245,2024-02-12,2225.0,1
10245,2024-02-13,1063.0,1
10245,2024-02-14,1279.0,1
10245,2024-02-15,3299.0,1
10245,2024-02-16,3373.0,1
10245,2024-02-17,894.0,1
10245,2024-02-18,2885.0,1
10245,2024-02-19,3170.0,0
10245,2024-02-20,2934.0,1
10245,2024-02-21,3348.0,1
10245,2024-02-22,859.0,1
10245,2024-02-23,588.0,1
10245,2024-02-24,1941.0,1
10245,2024-02-25,953.0,1
10245,2024-02-26,1908.0,1
10245,2024-02-27,2999.0,1
10245,2024-02-28,2348.0,1
10245,2024-02-29,3430.0,1
10245,2024-03-01,2538.0,1
10245,2024-03-02,2796.0,0
10245,2024-03-03,2867.0,1
10245,2024-03-04,2678.0,1
10245,2024-03-05,1788.0,1
10245,2024-03-06,2344.0,1
10245,2024-03-07,1707.0,1
10245,2024-03-08,2746.0,0
10245,2024-03-09,875.0,1
10245,2024-03-10,3095.0,1
10245,2024-03-11,3449.0,1
10245,2024-03-12,3306.0,1
10245,2024-03-13,3145.0,1
10245,2024-03-14,1830.0,1
10245,2024-03-15,1835.0,1
10245,2024-03-16,984.0,1
10245,2024-03-17,3379.0,1
10245,2024-03-18,1420.0,1
10245,2024-03-19,1575.0,1
10245,2024-03-20,1059.0,1
10245,2024-03-21,816.0,0
10245,2024-03-22,2916.0,0
10245,2024-03-23,1898.0,1
10245,2024-03-24,873.0,1
10245,2024-03-25,1135.0,1
10245,2024-03-26,2694.0,0
10245,2024-03-27,2888.0,1
10245,2024-03-28,2930.0,1
10245,2024-03-29,3479.0,1
10245,2024-03-30,3063.0,1
10245,2024-03-31,1753.0,1
10245,2024-04-01,2722.0,1
10245,2024-04-02,1376.0,0
10245,2024-04-03,2728.0,1
10245,2024-04-04,2320.0,1
10245,2024-04-05,694.0,1
10245,2024-04-06,1728.0,0
10245,2024-04-07,3411.0,1
10245,2024-04-08,2459.0,0
10245,2024-04-09,1048.0,1
10245,2024-04-10,1206.0,1
10245,2024-04-11,840.0,1
10245,2024-04-12,1592.0,1
10245,2024-04-13,1378.0,1
10245,2024-04-14,1717.0,1
10245,2024-04-15,2699.0,1
10245,2024-04-16,2817.0,1
10245,2024-04-17,1012.0,1
10245,2024-04-18,1458.0,1
10245,2024-04-19,674.0,1
10245,2024-04-20,2704.0,1
10245,2024-04-21,1723.0,1
10245,2024-04-22,2311.0,1
10245,2024-04-23,3117.0,1
10245,2024-04-24,3216.0,1
10245,2024-04-25,1565.0,1
10245,2024-04-26,3288.0,1
10245,2024-04-27,1842.0,1
10245,2024-04-28,2608.0,1
10245,2024-04-29,643.0,1
10245,2024-04-30,3425.0,1
10245,2024-05-01,923.0,1
10245,2024-05-02,2486.0,1
10245,2024-05-03,977.0,1
10245,2024-05-04,1313.0,1
10245,2024-05-05,780.0,1
10245,2024-05-06,2008.0,1
10245,2024-05-07,3232.0,0
10245,2024-05-08,1473.0,1
10245,2024-05-09,1531.0,1
10245,2024-05-10,1003.0,1
10245,2024-05-11,1022.0,1
10245,2024-05-12,796.0,1
10245,2024-05-13,1720.0,1
10245,2024-05-14,2301.0,1
10245,2024-05-15,1227.0,1
10245,2024-05-16,3036.0,1
10245,2024-05-17,2015.0,0
10245,2024-05-18,3043.0,1
10245,2024-05-19,573.0,0
10245,2024-05-20,2680.0,0
10245,2024-05-21,3447.0,1
10245,2024-05-22,2808.0,0
10245,2024-05-23,3135.0,1
10245,2024-05-24,2310.0,1
10245,2024-05-25,809.0,0
10245,2024-05-26,2146.0,0
10245,2024-05-27,3050.0,1
10245,2024-05-28,2112.0,1
10245,2024-05-29,2262.0,0
10245,2024-05-30,828.0,1
10245,2024-05-31,2292.0,1
10245,2024-06-01,1794.0,1
10245,2024-06-02,3372.0,1
10245,2024-06-03,839.0,1
10245,2024-06-04,2365.0,1
10245,2024-06-05,589.0,1
10245,2024-06-06,990.0,1
10245,2024-06-07,2448.0,1
10245,2024-06-08,1139.0,1
10245,2024-06-09,2469.0,1
10245,2024-06-10,2526.0,1
10245,2024-06-11,1063.0,0
10245,2024-06-12,828.0,0
10245,2024-06-13,1538.0,1
10245,2024-06-14,3407.0,1
10245,2024-06-15,3125.0,1
10245,2024-06-16,1769.0,1
10245,2024-06-17,2848.0,1
10245,2024-06-18,3084.0,1
10245,2024-06-19,3138.0,1
10245,2024-06-20,3209.0,1
10245,2024-06-21,2131.0,1
10245,2024-06-22,600.0,1
10245,2024-06-23,2763.0,1
10245,2024-06-24,1559.0,1
10245,2024-06-25,3494.0,1
10245,2024-06-26,1425.0,1
10245,2024-06-27,2757.0,1
10245,2024-06-28,2713.0,1
10245,2024-06-29,2399.0,1
10245,2024-06-30,1859.0,1
10245,2024-07-01,3215.0,1
10245,2024-07-02,3269.0,1
10245,2024-07-03,3476.0,1
10245,2024-07-04,2657.0,1
10245,2024-07-05,1651.0,1
10245,2024-07-06,3002.0,1
10245,2024-07-07,2981.0,1
10245,2024-07-08,1816.0,1
10245,2024-07-09,3101.0,1
10245,2024-07-10,685.0,1
10245,2024-07-11,847.0,1
10245,2024-07-12,1885.0,0
10245,2024-07-13,2782.0,1
10245,2024-07-14,2325.0,1
10245,2024-07-15,3309.0,0
10245,2024-07-16,1689.0,1
10245,2024-07-17,650.0,1
10245,2024-07-18,2004.0,1
10245,2024-07-19,2800.0,1
10245,2024-07-20,532.0,1
10245,2024-07-21,2248.0,0
10245,2024-07-22,2839.0,0
10245,2024-07-23,1656.0,0
10245,2024-07-24,3271.0,1
10245,2024-07-25,2994.0,1
10245,2024-07-26,3321.0,1
10245,2024-07-27,3332.0,1
10245,2024-07-28,2013.0,1
10245,2024-07-29,1764.0,1
10245,2024-07-30,2756.0,1
10245,2024-07-31,2164.0,1
10245,2024-08-01,2619.0,1
10245,2024-08-02,881.0,1
10245,2024-08-03,598.0,1
10245,2024-08-04,1159.0,1
10245,2024-08-05,2461.0,0
10245,2024-08-06,2669.0,1
10245,2024-08-07,751.0,1
10245,2024-08-08,1593.0,1
10245,2024-08-09,2883.0,0
10245,2024-08-10,3083.0,1
10245,2024-08-11,1136.0,1
10245,2024-08-12,773.0,1
10245,2024-08-13,1125.0,1
10245,2024-08-14,907.0,1
10245,2024-08-15,3287.0,0
10245,2024-08-16,2220.0,1
10245,2024-08-17,1620.0,1
10245,2024-08-18,712.0,1
10245,2024-08-19,733.0,1
10245,2024-08-20,3061.0,1
10245,2024-08-21,2561.0,1
10245,2024-08-22,2490.0,1
10245,2024-08-23,1918.0,1
10245,2024-08-24,3417.0,1
10245,2024-08-25,2342.0,1
10245,2024-08-26,2917.0,1
10245,2024-08-27,3187.0,1
10245,2024-08-28,2583.0,1
10245,2024-08-29,1286.0,1
10245,2024-08-30,1452.0,1
10245,2024-08-31,1785.0,1
10245,2024-09-01,1399.0,1
10245,2024-09-02,3191.0,1
10245,2024-09-03,2166.0,1
10245,2024-09-04,1831.0,0
10245,2024-09-05,2135.0,1
10245,2024-09-06,2400.0,1
10245,2024-09-07,3322.0,0
10245,2024-09-08,987.0,1
10245,2024-09-09,2836.0,1
10245,2024-09-10,826.0,1
10245,2024-09-11,1462.0,1
10245,2024-09-12,2874.0,1
10245,2024-09-13,2021.0,0
10245,2024-09-14,3481.0,1
10245,2024-09-15,1503.0,0
10245,2024-09-16,661.0,0
10245,2024-09-17,811.0,1
10245,2024-09-18,682.0,1
10245,2024-09-19,626.0,1
10245,2024-09-20,2707.0,1
10245,2024-09-21,3275.0,1
10245,2024-09-22,622.0,1
10245,2024-09-23,1595.0,1
10245,2024-09-24,2613.0,1
10245,2024-09-25,1280.0,1
10245,2024-09-26,1772.0,1
10245,2024-09-27,1355.0,1
10245,2024-09-28,1468.0,1
10245,2024-09-29,1220.0,1
10245,2024-09-30,1019.0,1
10245,2024-10-01,2624.0,1
10245,2024-10-02,776.0,1
10245,2024-10-03,2735.0,1
10245,2024-10-04,2339.0,1
10245,2024-10-05,532.0,1
10245,2024-10-06,3120.0,1
10245,2024-10-07,2648.0,1
10245,2024-10-08,1640.0,1
10245,2024-10-09,933.0,1
10245,2024-10-10,2628.0,1
10245,2024-10-11,1527.0,1
10245,2024-10-12,810.0,1
10245,2024-10-13,2965.0,1
10245,2024-10-14,760.0,1
10245,2024-10-15,2235.0,1
10245,2024-10-16,2694.0,1
10245,2024-10-17,2877.0,1
10245,2024-10-18,1233.0,1
10245,2024-10-19,1949.0,1
10245,2024-10-20,2573.0,0
10245,2024-10-21,2029.0,1
10245,2024-10-22,2971.0,1
10245,2024-10-23,3443.0,1
10245,2024-10-24,1239.0,1
10245,2024-10-25,2008.0,1
10245,2024-10-26,2596.0,0
10245,2024-10-27,2414.0,1
10245,2024-10-28,2980.0,1
10245,2024-10-29,944.0,0
10245,2024-10-30,906.0,1
10245,2024-10-31,3353.0,1
10245,2024-11-01,1564.0,1
10245,2024-11-02,1659.0,0
10245,2024-11-03,2516.0,1
10245,2024-11-04,2374.0,1
10245,2024-11-05,954.0,0
10245,2024-11-06,531.0,1
10245,2024-11-07,962.0,1
10245,2024-11-08,943.0,1
10245,2024-11-09,748.0,1
10245,2024-11-10,1883.0,1
10245,2024-11-11,1539.0,1
10245,2024-11-12,2508.0,1
10245,2024-11-13,2085.0,1
10245,2024-11-14,1660.0,1
10245,2024-11-15,2722.0,1
10245,2024-11-16,2036.0,1
10245,2024-11-17,606.0,1
10245,2024-11-18,1020.0,1
10245,2024-11-19,781.0,0
10245,2024-11-20,1619.0,1
10245,2024-11-21,3180.0,1
10245,2024-11-22,3336.0,1
10245,2024-11-23,987.0,1
10245,2024-11-24,1486.0,1
10245,2024-11-25,2094.0,1
10245,2024-11-26,2930.0,1
10245,2024-11-27,3378.0,0
10245,2024-11-28,1243.0,1
10245,2024-11-29,1442.0,1
10245,2024-11-30,3156.0,1
10245,2024-12-01,2552.0,1
10245,2024-12-02,2674.0,1
10245,2024-12-03,1521.0,1
10245,2024-12-04,1221.0,1
10245,2024-12-05,755.0,1
10245,2024-12-06,1214.0,1
10245,2024-12-07,2441.0,1
10245,2024-12-08,1654.0,0
10245,2024-12-09,2912.0,1
10245,2024-12-10,2595.0,1
10245,2024-12-11,3447.0,1
10245,2024-12-12,698.0,1
10245,2024-12-13,1236.0,1
10245,2024-12-14,1369.0,1
10245,2024-12-15,2891.0,1
10245,2024-12-16,3312.0,0
10245,2024-12-17,567.0,1
10245,2024-12-18,582.0,1
10245,2024-12-19,1039.0,1
10245,2024-12-20,2388.0,1
10245,2024-12-21,2757.0,1
10245,2024-12-22,1645.0,1
10245,2024-12-23,1125.0,1
10245,2024-12-24,1590.0,1
10245,2024-12-25,842.0,1
10245,2024-12-26,1903.0,1
10245,2024-12-27,3392.0,1
10245,2024-12-28,2609.0,1
10245,2024-12-29,2937.0,1
10245,2024-12-30,2723.0,1
10245,2024-12-31,883.0,1
10367,2023-01-01,2327.0,1
10367,2023-01-02,1807.0,1
10367,2023-01-03,3249.0,1
10367,2023-01-04,1812.0,1
10367,2023-01-05,2539.0,1
10367,2023-01-06,1930.0,1
10367,2023-01-07,1662.0,1
10367,2023-01-08,3311.0,1
10367,2023-01-09,932.0,1
10367,2023-01-10,1040.0,1
10367,2023-01-11,2421.0,1
10367,2023-01-12,3294.0,1
10367,2023-01-13,3272.0,1
10367,2023-01-14,1052.0,0
10367,2023-01-15,2216.0,1
10367,2023-01-16,2647.0,1
10367,2023-01-17,1216.0,1
10367,2023-01-18,1478.0,1
10367,2023-01-19,2973.0,1
10367,2023-01-20,1468.0,1
10367,2023-01-21,2058.0,1
10367,2023-01-22,2162.0,1
10367,2023-01-23,1322.0,1
10367,2023-01-24,773.0,1
10367,2023-01-25,885.0,1
10367,2023-01-26,1830.0,1
10367,2023-01-27,2747.0,1
10367,2023-01-28,947.0,0
10367,2023-01-29,1809.0,1
10367,2023-01-30,2849.0,1
10367,2023-01-31,1720.0,1
10367,2023-02-01,2442.0,1
10367,2023-02-02,2540.0,1
10367,2023-02-03,2696.0,0
10367,2023-02-04,1935.0,1
10367,2023-02-05,2977.0,1
10367,2023-02-06,2765.0,1
10367,2023-02-07,1629.0,0
10367,2023-02-08,3337.0,1
10367,2023-02-09,1978.0,1
10367,2023-02-10,3249.0,0
10367,2023-02-11,508.0,1
10367,2023-02-12,1839.0,1
10367,2023-02-13,1340.0,1
10367,2023-02-14,1535.0,1
10367,2023-02-15,1028.0,0
10367,2023-02-16,2363.0,1
10367,2023-02-17,2298.0,1
10367,2023-02-18,1829.0,1
10367,2023-02-19,3478.0,1
10367,2023-02-20,1704.0,1
10367,2023-02-21,2056.0,1
10367,2023-02-22,1217.0,1
10367,2023-02-23,3381.0,1
10367,2023-02-24,1377.0,1
10367,2023-02-25,3248.0,0
10367,2023-02-26,603.0,1
10367,2023-02-27,2815.0,1
10367,2023-02-28,2481.0,1
10367,2023-03-01,1535.0,1
10367,2023-03-02,1208.0,1
10367,2023-03-03,1750.0,1
10367,2023-03-04,2045.0,1
10367,2023-03-05,897.0,1
10367,2023-03-06,2410.0,1
10367,2023-03-07,2158.0,0
10367,2023-03-08,2846.0,1
10367,2023-03-09,3498.0,1
10367,2023-03-10,2083.0,1
10367,2023-03-11,614.0,1
10367,2023-03-12,913.0,1
10367,2023-03-13,2125.0,0
10367,2023-03-14,1620.0,1
10367,2023-03-15,569.0,1
10367,2023-03-16,3039.0,1
10367,2023-03-17,3082.0,1
10367,2023-03-18,2719.0,1
10367,2023-03-19,1625.0,1
10367,2023-03-20,3489.0,1
10367,2023-03-21,1823.0,1
10367,2023-03-22,1875.0,1
10367,2023-03-23,2858.0,1
10367,2023-03-24,2160.0,1
10367,2023-03-25,644.0,1
10367,2023-03-26,3489.0,1
10367,2023-03-27,1632.0,1
10367,2023-03-28,572.0,1
10367,2023-03-29,1928.0,1
10367,2023-03-30,874.0,1
10367,2023-03-31,1832.0,1
10367,2023-04-01,1725.0,1
10367,2023-04-02,541.0,1
10367,2023-04-03,3242.0,1
10367,2023-04-04,2225.0,1
10367,2023-04-05,3357.0,1
10367,2023-04-06,3038.0,0
10367,2023-04-07,2857.0,1
10367,2023-04-08,1122.0,0
10367,2023-04-09,2158.0,0
10367,2023-04-10,2455.0,1
10367,2023-04-11,2253.0,1
10367,2023-04-12,3431.0,1
10367,2023-04-13,1919.0,1
10367,2023-04-14,2445.0,1
10367,2023-04-15,1306.0,1
10367,2023-04-16,1418.0,1
10367,2023-04-17,1662.0,1
10367,2023-04-18,1989.0,1
10367,2023-04-19,646.0,1
10367,2023-04-20,720.0,0
10367,2023-04-21,2286.0,1
10367,2023-04-22,2635.0,1
10367,2023-04-23,3044.0,1
10367,2023-04-24,2682.0,1
10367,2023-04-25,1447.0,1
10367,2023-04-26,1419.0,0
10367,2023-04-27,2871.0,1
10367,2023-04-28,1733.0,1
10367,2023-04-29,1710.0,1
10367,2023-04-30,1407.0,1
10367,2023-05-01,2534.0,1
10367,2023-05-02,2311.0,1
10367,2023-05-03,1947.0,1
10367,2023-05-04,2344.0,1
10367,2023-05-05,3378.0,1
10367,2023-05-06,2913.0,1
10367,2023-05-07,1927.0,1
10367,2023-05-08,692.0,1
10367,2023-05-09,908.0,1
10367,2023-05-10,539.0,1
10367,2023-05-11,810.0,1
10367,2023-05-12,1398.0,1
10367,2023-05-13,1700.0,1
10367,2023-05-14,2788.0,1
10367,2023-05-15,2831.0,1
10367,2023-05-16,1274.0,1
10367,2023-05-17,913.0,1
10367,2023-05-18,1483.0,1
10367,2023-05-19,586.0,1
10367,2023-05-20,676.0,1
10367,2023-05-21,1143.0,1
10367,2023-05-22,3188.0,1
10367,2023-05-23,2191.0,1
10367,2023-05-24,1196.0,1
10367,2023-05-25,3209.0,0
10367,2023-05-26,1220.0,0
10367,2023-05-27,2227.0,1
10367,2023-05-28,1669.0,1
10367,2023-05-29,2127.0,1
10367,2023-05-30,3459.0,1
10367,2023-05-31,2405.0,0
10367,2023-06-01,3297.0,1
10367,2023-06-02,3347.0,1
10367,2023-06-03,3294.0,0
10367,2023-06-04,1724.0,1
10367,2023-06-05,2509.0,1
10367,2023-06-06,1747.0,1
10367,2023-06-07,1300.0,1
10367,2023-06-08,1615.0,1
10367,2023-06-09,1477.0,1
10367,2023-06-10,2970.0,1
10367,2023-06-11,2281.0,1
10367,2023-06-12,1523.0,1
10367,2023-06-13,876.0,1
10367,2023-06-14,560.0,1
10367,2023-06-15,1118.0,1
10367,2023-06-16,1861.0,1
10367,2023-06-17,940.0,1
10367,2023-06-18,1903.0,1
10367,2023-06-19,2270.0,1
10367,2023-06-20,699.0,1
10367,2023-06-21,2538.0,1
10367,2023-06-22,2662.0,1
10367,2023-06-23,1749.0,1
10367,2023-06-24,2266.0,1
10367,2023-06-25,1583.0,1
10367,2023-06-26,991.0,1
10367,2023-06-27,3455.0,1
10367,2023-06-28,3088.0,1
10367,2023-06-29,823.0,1
10367,2023-06-30,2483.0,1
10367,2023-07-01,1266.0,1
10367,2023-07-02,1309.0,1
10367,2023-07-03,2549.0,0
10367,2023-07-04,2520.0,1
10367,2023-07-05,3193.0,1
10367,2023-07-06,1215.0,1
10367,2023-07-07,1390.0,1
10367,2023-07-08,2338.0,1
10367,2023-07-09,2449.0,1
10367,2023-07-10,710.0,1
10367,2023-07-11,802.0,1
10367,2023-07-12,3252.0,1
10367,2023-07-13,1307.0,1
10367,2023-07-14,2112.0,1
10367,2023-07-15,1053.0,0
10367,2023-07-16,1917.0,1
10367,2023-07-17,1129.0,1
10367,2023-07-18,1454.0,0
10367,2023-07-19,3173.0,1
10367,2023-07-20,2350.0,1
10367,2023-07-21,3109.0,1
10367,2023-07-22,2138.0,1
10367,2023-07-23,1791.0,1
10367,2023-07-24,2270.0,0
10367,2023-07-25,1095.0,1
10367,2023-07-26,3042.0,1
10367,2023-07-27,1852.0,1
10367,2023-07-28,3070.0,1
10367,2023-07-29,601.0,1
10367,2023-07-30,3034.0,1
10367,2023-07-31,1875.0,1
10367,2023-08-01,508.0,1
10367,2023-08-02,2214.0,1
10367,2023-08-03,2338.0,1
10367,2023-08-04,1637.0,0
10367,2023-08-05,2572.0,1
10367,2023-08-06,3209.0,1
10367,2023-08-07,2235.0,1
10367,2023-08-08,2116.0,1
10367,2023-08-09,1844.0,1
10367,2023-08-10,3237.0,1
10367,2023-08-11,3012.0,1
10367,2023-08-12,2280.0,1
10367,2023-08-13,697.0,1
10367,2023-08-14,1390.0,0
10367,2023-08-15,3015.0,0
10367,2023-08-16,1074.0,1
10367,2023-08-17,1098.0,1
10367,2023-08-18,904.0,1
10367,2023-08-19,1283.0,1
10367,2023-08-20,1603.0,1
10367,2023-08-21,1030.0,0
10367,2023-08-22,1560.0,1
10367,2023-08-23,3344.0,1
10367,2023-08-24,547.0,1
10367,2023-08-25,1449.0,1
10367,2023-08-26,1881.0,1
10367,2023-08-27,1850.0,0
10367,2023-08-28,1875.0,1
10367,2023-08-29,1083.0,1
10367,2023-08-30,1085.0,1
10367,2023-08-31,636.0,1
10367,2023-09-01,2703.0,1
10367,2023-09-02,1331.0,1
10367,2023-09-03,1514.0,1
10367,2023-09-04,2908.0,1
10367,2023-09-05,2854.0,1
10367,2023-09-06,1648.0,1
10367,2023-09-07,2551.0,1
10367,2023-09-08,1758.0,1
10367,2023-09-09,1089.0,0
10367,2023-09-10,1638.0,1
10367,2023-09-11,909.0,1
10367,2023-09-12,2404.0,1
10367,2023-09-13,2587.0,1
10367,2023-09-14,3208.0,1
10367,2023-09-15,3493.0,1
10367,2023-09-16,2408.0,1
10367,2023-09-17,2604.0,1
10367,2023-09-18,1715.0,1
10367,2023-09-19,1124.0,1
10367,2023-09-20,2980.0,1
10367,2023-09-21,1745.0,1
10367,2023-09-22,2447.0,1
10367,2023-09-23,3019.0,1
10367,2023-09-24,3242.0,1
10367,2023-09-25,2143.0,1
10367,2023-09-26,1701.0,1
10367,2023-09-27,946.0,1
10367,2023-09-28,1593.0,1
10367,2023-09-29,2747.0,1
10367,2023-09-30,1833.0,1
10367,2023-10-01,533.0,0
10367,2023-10-02,3303.0,1
10367,2023-10-03,1691.0,1
10367,2023-10-04,2933.0,1
10367,2023-10-05,1197.0,1
10367,2023-10-06,2002.0,1
10367,2023-10-07,517.0,1
10367,2023-10-08,1995.0,0
10367,2023-10-09,1883.0,1
10367,2023-10-10,765.0,1
10367,2023-10-11,1283.0,1
10367,2023-10-12,1404.0,1
10367,2023-10-13,2628.0,1
10367,2023-10-14,2445.0,1
10367,2023-10-15,602.0,1
10367,2023-10-16,3043.0,1
10367,2023-10-17,624.0,1
10367,2023-10-18,2214.0,1
10367,2023-10-19,526.0,1
10367,2023-10-20,2181.0,1
10367,2023-10-21,1919.0,1
10367,2023-10-22,3047.0,1
10367,2023-10-23,1008.0,0
10367,2023-10-24,1895.0,1
10367,2023-10-25,1798.0,1
10367,2023-10-26,729.0,1
10367,2023-10-27,3315.0,1
10367,2023-10-28,2845.0,0
10367,2023-10-29,1325.0,1
10367,2023-10-30,2147.0,1
10367,2023-10-31,1206.0,1
10367,2023-11-01,2761.0,1
10367,2023-11-02,2762.0,0
10367,2023-11-03,1053.0,1
10367,2023-11-04,698.0,1
10367,2023-11-05,2923.0,0
10367,2023-11-06,2649.0,1
10367,2023-11-07,569.0,0
10367,2023-11-08,3489.0,0
10367,2023-11-09,2840.0,1
10367,2023-11-10,2770.0,1
10367,2023-11-11,698.0,1
10367,2023-11-12,2028.0,1
10367,2023-11-13,1254.0,0
10367,2023-11-14,533.0,1
10367,2023-11-15,1550.0,1
10367,2023-11-16,2654.0,1
10367,2023-11-17,2874.0,1
10367,2023-11-18,3365.0,1
10367,2023-11-19,2157.0,1
10367,2023-11-20,1809.0,1
10367,2023-11-21,864.0,0
10367,2023-11-22,777.0,1
10367,2023-11-23,676.0,1
10367,2023-11-24,809.0,1
10367,2023-11-25,2497.0,1
10367,2023-11-26,3385.0,1
10367,2023-11-27,1569.0,1
10367,2023-11-28,2197.0,1
10367,2023-11-29,521.0,1
10367,2023-11-30,605.0,1
10367,2023-12-01,2643.0,1
10367,2023-12-02,967.0,1
10367,2023-12-03,1913.0,1
10367,2023-12-04,785.0,1
10367,2023-12-05,2407.0,1
10367,2023-12-06,1510.0,1
10367,2023-12-07,1207.0,1
10367,2023-12-08,3216.0,1
10367,2023-12-09,1180.0,1
10367,2023-12-10,1055.0,0
10367,2023-12-11,2116.0,1
10367,2023-12-12,3318.0,1
10367,2023-12-13,3420.0,1
10367,2023-12-14,2332.0,1
10367,2023-12-15,1902.0,1
10367,2023-12-16,1324.0,1
10367,2023-12-17,2926.0,1
10367,2023-12-18,1238.0,1
10367,2023-12-19,1951.0,1
10367,2023-12-20,1235.0,1
10367,2023-12-21,3139.0,0
10367,2023-12-22,2280.0,1
10367,2023-12-23,3334.0,1
10367,2023-12-24,1388.0,1
10367,2023-12-25,1140.0,1
10367,2023-12-26,2082.0,1
10367,2023-12-27,603.0,1
10367,2023-12-28,1644.0,1
10367,2023-12-29,1588.0,1
10367,2023-12-30,3401.0,1
10367,2023-12-31,1467.0,1
10367,2024-01-01,2117.0,1
10367,2024-01-02,2112.0,0
10367,2024-01-03,1204.0,0
10367,2024-01-04,1252.0,1
10367,2024-01-05,1313.0,1
10367,2024-01-06,2131.0,1
10367,2024-01-07,2248.0,1
10367,2024-01-08,3439.0,1
10367,2024-01-09,1266.0,1
10367,2024-01-10,640.0,1
10367,2024-01-11,781.0,1
10367,2024-01-12,2711.0,1
10367,2024-01-13,2309.0,1
10367,2024-01-14,1550.0,1
10367,2024-01-15,1905.0,1
10367,2024-01-16,529.0,0
10367,2024-01-17,1115.0,1
10367,2024-01-18,2641.0,1
10367,2024-01-19,1197.0,1
10367,2024-01-20,3433.0,1
10367,2024-01-21,2378.0,1
10367,2024-01-22,2043.0,0
10367,2024-01-23,1121.0,1
10367,2024-01-24,790.0,1
10367,2024-01-25,821.0,0
10367,2024-01-26,711.0,1
10367,2024-01-27,1106.0,1
10367,2024-01-28,2885.0,1
10367,2024-01-29,995.0,1
10367,2024-01-30,1374.0,1
10367,2024-01-31,2055.0,1
10367,2024-02-01,984.0,1
10367,2024-02-02,2657.0,0
10367,2024-02-03,2059.0,1
10367,2024-02-04,2341.0,0
10367,2024-02-05,1012.0,1
10367,2024-02-06,1811.0,1
10367,2024-02-07,1143.0,1
10367,2024-02-08,2670.0,1
10367,2024-02-09,2495.0,1
10367,2024-02-10,1917.0,1
10367,2024-02-11,919.0,1
10367,2024-02-12,1914.0,1
10367,2024-02-13,779.0,0
10367,2024-02-14,821.0,0
10367,2024-02-15,3314.0,1
10367,2024-02-16,2319.0,1
10367,2024-02-17,1830.0,1
10367,2024-02-18,2151.0,1
10367,2024-02-19,2555.0,1
10367,2024-02-20,2865.0,1
10367,2024-02-21,2639.0,1
10367,2024-02-22,2146.0,1
10367,2024-02-23,2423.0,1
10367,2024-02-24,1616.0,1
10367,2024-02-25,623.0,1
10367,2024-02-26,1294.0,1
10367,2024-02-27,2268.0,1
10367,2024-02-28,3433.0,1
10367,2024-02-29,3353.0,1
10367,2024-03-01,669.0,1
10367,2024-03-02,959.0,1
10367,2024-03-03,1921.0,1
10367,2024-03-04,2169.0,0
10367,2024-03-05,2645.0,1
10367,2024-03-06,2491.0,1
10367,2024-03-07,960.0,1
10367,2024-03-08,1544.0,0
10367,2024-03-09,1691.0,1
10367,2024-03-10,1458.0,1
10367,2024-03-11,2200.0,1
10367,2024-03-12,555.0,1
10367,2024-03-13,2759.0,1
10367,2024-03-14,2829.0,1
10367,2024-03-15,1122.0,1
10367,2024-03-16,2809.0,1
10367,2024-03-17,1429.0,1
10367,2024-03-18,608.0,0
10367,2024-03-19,3224.0,0
10367,2024-03-20,3222.0,1
10367,2024-03-21,2275.0,1
10367,2024-03-22,2725.0,1
10367,2024-03-23,1644.0,1
10367,2024-03-24,1651.0,1
10367,2024-03-25,1909.0,1
10367,2024-03-26,848.0,1
10367,2024-03-27,2209.0,0
10367,2024-03-28,1836.0,1
10367,2024-03-29,1240.0,1
10367,2024-03-30,3250.0,1
10367,2024-03-31,2150.0,0
10367,2024-04-01,2655.0,0
10367,2024-04-02,2355.0,1
10367,2024-04-03,1595.0,1
10367,2024-04-04,1761.0,1
10367,2024-04-05,1752.0,1
10367,2024-04-06,3355.0,1
10367,2024-04-07,2378.0,1
10367,2024-04-08,2483.0,1
10367,2024-04-09,2123.0,1
10367,2024-04-10,3328.0,0
10367,2024-04-11,2401.0,1
10367,2024-04-12,1110.0,1
10367,2024-04-13,3055.0,1
10367,2024-04-14,3383.0,0
10367,2024-04-15,1105.0,1
10367,2024-04-16,3384.0,1
10367,2024-04-17,1205.0,1
10367,2024-04-18,1638.0,1
10367,2024-04-19,1128.0,1
10367,2024-04-20,2807.0,1
10367,2024-04-21,1171.0,1
10367,2024-04-22,1458.0,1
10367,2024-04-23,1777.0,1
10367,2024-04-24,1353.0,1
10367,2024-04-25,1545.0,1
10367,2024-04-26,3000.0,0
10367,2024-04-27,1284.0,1
10367,2024-04-28,1945.0,0
10367,2024-04-29,933.0,1
10367,2024-04-30,1714.0,1
10367,2024-05-01,2315.0,1
10367,2024-05-02,3459.0,1
10367,2024-05-03,2727.0,1
10367,2024-05-04,2440.0,1
10367,2024-05-05,2743.0,1
10367,2024-05-06,2649.0,1
10367,2024-05-07,3044.0,1
10367,2024-05-08,1587.0,1
10367,2024-05-09,2347.0,1
10367,2024-05-10,1033.0,1
10367,2024-05-11,1369.0,1
10367,2024-05-12,593.0,0
10367,2024-05-13,2713.0,1
10367,2024-05-14,2779.0,1
10367,2024-05-15,658.0,1
10367,2024-05-16,980.0,1
10367,2024-05-17,3205.0,1
10367,2024-05-18,2525.0,1
10367,2024-05-19,1706.0,1
10367,2024-05-20,2994.0,1
10367,2024-05-21,2157.0,1
10367,2024-05-22,2549.0,1
10367,2024-05-23,698.0,0
10367,2024-05-24,1267.0,1
10367,2024-05-25,2408.0,1
10367,2024-05-26,1961.0,1
10367,2024-05-27,858.0,1
10367,2024-05-28,1630.0,1
10367,2024-05-29,1906.0,1
10367,2024-05-30,802.0,1
10367,2024-05-31,2191.0,1
10367,2024-06-01,684.0,1
10367,2024-06-02,1427.0,1
10367,2024-06-03,1634.0,1
10367,2024-06-04,2224.0,1
10367,2024-06-05,1343.0,1
10367,2024-06-06,2482.0,1
10367,2024-06-07,566.0,0
10367,2024-06-08,2656.0,1
10367,2024-06-09,2529.0,1
10367,2024-06-10,2926.0,1
10367,2024-06-11,3072.0,1
10367,2024-06-12,643.0,1
10367,2024-06-13,865.0,1
10367,2024-06-14,3034.0,0
10367,2024-06-15,1936.0,1
10367,2024-06-16,1021.0,1
10367,2024-06-17,2662.0,1
10367,2024-06-18,3384.0,1
10367,2024-06-19,958.0,1
10367,2024-06-20,981.0,1
10367,2024-06-21,3363.0,1
10367,2024-06-22,2907.0,1
10367,2024-06-23,1544.0,1
10367,2024-06-24,1407.0,1
10367,2024-06-25,3207.0,0
10367,2024-06-26,3215.0,1
10367,2024-06-27,681.0,0
10367,2024-06-28,3089.0,1
10367,2024-06-29,3303.0,1
10367,2024-06-30,1843.0,1
10367,2024-07-01,2942.0,1
10367,2024-07-02,1207.0,1
10367,2024-07-03,737.0,1
10367,2024-07-04,828.0,1
10367,2024-07-05,2360.0,1
10367,2024-07-06,1674.0,1
10367,2024-07-07,1206.0,1
10367,2024-07-08,1006.0,1
10367,2024-07-09,1871.0,0
10367,2024-07-10,552.0,1
10367,2024-07-11,2380.0,0
10367,2024-07-12,1081.0,1
10367,2024-07-13,2678.0,1
10367,2024-07-14,3086.0,1
10367,2024-07-15,712.0,1
10367,2024-07-16,3490.0,1
10367,2024-07-17,1978.0,1
10367,2024-07-18,2182.0,1
10367,2024-07-19,1455.0,1
10367,2024-07-20,2693.0,1
10367,2024-07-21,2410.0,1
10367,2024-07-22,850.0,1
10367,2024-07-23,1241.0,1
10367,2024-07-24,2679.0,1
10367,2024-07-25,2820.0,1
10367,2024-07-26,2107.0,1
10367,2024-07-27,2223.0,1
10367,2024-07-28,2025.0,0
10367,2024-07-29,2872.0,1
10367,2024-07-30,854.0,1
10367,2024-07-31,1992.0,1
10367,2024-08-01,1699.0,1
10367,2024-08-02,2985.0,1
10367,2024-08-03,2963.0,0
10367,2024-08-04,1564.0,1
10367,2024-08-05,1694.0,1
10367,2024-08-06,2984.0,0
10367,2024-08-07,2685.0,1
10367,2024-08-08,2361.0,0
10367,2024-08-09,2299.0,1
10367,2024-08-10,1468.0,1
10367,2024-08-11,1411.0,0
10367,2024-08-12,2819.0,1
10367,2024-08-13,2519.0,1
10367,2024-08-14,1763.0,1
10367,2024-08-15,1867.0,1
10367,2024-08-16,1161.0,1
10367,2024-08-17,1505.0,1
10367,2024-08-18,627.0,1
10367,2024-08-19,1098.0,1
10367,2024-08-20,2165.0,1
10367,2024-08-21,2342.0,1
10367,2024-08-22,2177.0,1
10367,2024-08-23,2494.0,1
10367,2024-08-24,2417.0,1
10367,2024-08-25,3010.0,1
10367,2024-08-26,3202.0,1
10367,2024-08-27,555.0,1
10367,2024-08-28,586.0,1
10367,2024-08-29,2849.0,1
10367,2024-08-30,1626.0,1
10367,2024-08-31,2913.0,1
10367,2024-09-01,2135.0,1
10367,2024-09-02,1727.0,1
10367,2024-09-03,2992.0,1
10367,2024-09-04,2176.0,1
10367,2024-09-05,2396.0,1
10367,2024-09-06,2069.0,1
10367,2024-09-07,1140.0,1
10367,2024-09-08,1214.0,1
10367,2024-09-09,2471.0,1
10367,2024-09-10,3407.0,1
10367,2024-09-11,3349.0,1
10367,2024-09-12,2353.0,1
10367,2024-09-13,2972.0,1
10367,2024-09-14,1452.0,1
10367,2024-09-15,1397.0,0
10367,2024-09-16,2464.0,1
10367,2024-09-17,2216.0,1
10367,2024-09-18,2344.0,1
10367,2024-09-19,2516.0,1
10367,2024-09-20,3328.0,1
10367,2024-09-21,1246.0,1
10367,2024-09-22,1097.0,1
10367,2024-09-23,1805.0,1
10367,2024-09-24,3193.0,1
10367,2024-09-25,3058.0,0
10367,2024-09-26,3410.0,1
10367,2024-09-27,1776.0,1
10367,2024-09-28,2004.0,1
10367,2024-09-29,3477.0,1
10367,2024-09-30,1043.0,1
10367,2024-10-01,755.0,1
10367,2024-10-02,1455.0,1
10367,2024-10-03,1297.0,1
10367,2024-10-04,1852.0,1
10367,2024-10-05,1030.0,1
10367,2024-10-06,1392.0,1
10367,2024-10-07,3442.0,1
10367,2024-10-08,2019.0,1
10367,2024-10-09,2284.0,0
10367,2024-10-10,2149.0,1
10367,2024-10-11,2307.0,1
10367,2024-10-12,1749.0,1
10367,2024-10-13,1131.0,1
10367,2024-10-14,1336.0,0
10367,2024-10-15,816.0,1
10367,2024-10-16,1170.0,1
10367,2024-10-17,1890.0,1
10367,2024-10-18,1388.0,0
10367,2024-10-19,2500.0,1
10367,2024-10-20,2643.0,1
10367,2024-10-21,1669.0,1
10367,2024-10-22,1422.0,1
10367,2024-10-23,2951.0,1
10367,2024-10-24,2126.0,0
10367,2024-10-25,1432.0,1
10367,2024-10-26,1506.0,1
10367,2024-10-27,595.0,1
10367,2024-10-28,2623.0,0
10367,2024-10-29,3455.0,1
10367,2024-10-30,1430.0,1
10367,2024-10-31,2288.0,1
10367,2024-11-01,2054.0,1
10367,2024-11-02,563.0,1
10367,2024-11-03,679.0,1
10367,2024-11-04,1795.0,1
10367,2024-11-05,2716.0,1
10367,2024-11-06,3286.0,1
10367,2024-11-07,1504.0,0
10367,2024-11-08,2929.0,1
10367,2024-11-09,1711.0,1
10367,2024-11-10,1429.0,1
10367,2024-11-11,1636.0,1
10367,2024-11-12,1875.0,1
10367,2024-11-13,3352.0,1
10367,2024-11-14,1581.0,1
10367,2024-11-15,1297.0,1
10367,2024-11-16,3019.0,0
10367,2024-11-17,2974.0,1
10367,2024-11-18,3215.0,1
10367,2024-11-19,1389.0,1
10367,2024-11-20,3458.0,1
10367,2024-11-21,528.0,1
10367,2024-11-22,2129.0,1
10367,2024-11-23,1046.0,1
10367,2024-11-24,3107.0,1
10367,2024-11-25,1060.0,1
10367,2024-11-26,2306.0,1
10367,2024-11-27,2629.0,1
10367,2024-11-28,3165.0,0
10367,2024-11-29,2805.0,1
10367,2024-11-30,2258.0,1
10367,2024-12-01,2075.0,1
10367,2024-12-02,721.0,1
10367,2024-12-03,3213.0,1
10367,2024-12-04,630.0,1
10367,2024-12-05,3189.0,1
10367,2024-12-06,2688.0,0
10367,2024-12-07,2962.0,1
10367,2024-12-08,3083.0,1
10367,2024-12-09,572.0,1
10367,2024-12-10,2042.0,1
10367,2024-12-11,720.0,1
10367,2024-12-12,2541.0,1
10367,2024-12-13,3309.0,1
10367,2024-12-14,987.0,0
10367,2024-12-15,2346.0,0
10367,2024-12-16,2451.0,1
10367,2024-12-17,3131.0,1
10367,2024-12-18,745.0,1
10367,2024-12-19,1097.0,1
10367,2024-12-20,1368.0,0
10367,2024-12-21,1219.0,1
10367,2024-12-22,1588.0,1
10367,2024-12-23,3403.0,1
10367,2024-12-24,2275.0,0
10367,2024-12-25,2466.0,1
10367,2024-12-26,621.0,1
10367,2024-12-27,988.0,1
10367,2024-12-28,978.0,1
10367,2024-12-29,2022.0,1
10367,2024-12-30,2532.0,1
10367,2024-12-31,790.0,1
