id,listing_id,date,price,available
1,10123,2023-01-01,3106.0,1
2,10123,2023-01-02,1124.0,1
3,10123,2023-01-03,929.0,1
4,10123,2023-01-04,3435.0,1
5,10123,2023-01-05,921.0,1
6,10123,2023-01-06,2239.0,1
7,10123,2023-01-07,2193.0,1
8,10123,2023-01-08,2835.0,1
9,10123,2023-01-09,2952.0,1
10,10123,2023-01-10,1894.0,1
11,10123,2023-01-11,3274.0,1
12,10123,2023-01-12,3196.0,1
13,10123,2023-01-13,1301.0,0
14,10123,2023-01-14,2826.0,1
15,10123,2023-01-15,3362.0,1
16,10123,2023-01-16,2012.0,1
17,10123,2023-01-17,2187.0,1
18,10123,2023-01-18,2663.0,1
19,10123,2023-01-19,983.0,1
20,10123,2023-01-20,867.0,1
21,10123,2023-01-21,1257.0,1
22,10123,2023-01-22,2102.0,1
23,10123,2023-01-23,2091.0,1
24,10123,2023-01-24,706.0,1
25,10123,2023-01-25,3235.0,1
26,10123,2023-01-26,2160.0,1
27,10123,2023-01-27,1613.0,1
28,10123,2023-01-28,1229.0,1
29,10123,2023-01-29,598.0,1
30,10123,2023-01-30,1849.0,1
31,10123,2023-01-31,1004.0,1
32,10123,2023-02-01,2018.0,1
33,10123,2023-02-02,1311.0,1
34,10123,2023-02-03,1613.0,1
35,10123,2023-02-04,522.0,1
36,10123,2023-02-05,1184.0,1
37,10123,2023-02-06,2469.0,1
38,10123,2023-02-07,916.0,1
39,10123,2023-02-08,1809.0,0
40,10123,2023-02-09,2323.0,1
41,10123,2023-02-10,2923.0,1
42,10123,2023-02-11,907.0,1
43,10123,2023-02-12,2175.0,1
44,10123,2023-02-13,2857.0,1
45,10123,2023-02-14,1106.0,1
46,10123,2023-02-15,3143.0,1
47,10123,2023-02-16,2645.0,1
48,10123,2023-02-17,746.0,1
49,10123,2023-02-18,2616.0,1
50,10123,2023-02-19,1017.0,1
51,10123,2023-02-20,951.0,1
52,10123,2023-02-21,1123.0,1
53,10123,2023-02-22,2463.0,0
54,10123,2023-02-23,2080.0,1
55,10123,2023-02-24,2241.0,1
56,10123,2023-02-25,589.0,1
57,10123,2023-02-26,3323.0,1
58,10123,2023-02-27,2794.0,1
59,10123,2023-02-28,3414.0,0
60,10123,2023-03-01,833.0,1
61,10123,2023-03-02,2704.0,1
62,10123,2023-03-03,2772.0,1
63,10123,2023-03-04,1693.0,1
64,10123,2023-03-05,2943.0,1
65,10123,2023-03-06,571.0,1
66,10123,2023-03-07,3303.0,1
67,10123,2023-03-08,1918.0,1
68,10123,2023-03-09,1060.0,1
69,10123,2023-03-10,1090.0,1
70,10123,2023-03-11,3312.0,1
71,10123,2023-03-12,2217.0,1
72,10123,2023-03-13,2731.0,1
73,10123,2023-03-14,3315.0,1
74,10123,2023-03-15,2534.0,1
75,10123,2023-03-16,2235.0,1
76,10123,2023-03-17,993.0,1
77,10123,2023-03-18,553.0,1
78,10123,2023-03-19,1650.0,1
79,10123,2023-03-20,2431.0,1
80,10123,2023-03-21,1064.0,0
81,10123,2023-03-22,2589.0,1
82,10123,2023-03-23,1690.0,1
83,10123,2023-03-24,1609.0,0
84,10123,2023-03-25,2368.0,1
85,10123,2023-03-26,2015.0,1
86,10123,2023-03-27,835.0,0
87,10123,2023-03-28,3132.0,0
88,10123,2023-03-29,881.0,0
89,10123,2023-03-30,2123.0,1
90,10123,2023-03-31,3194.0,1
91,10123,2023-04-01,1152.0,1
92,10123,2023-04-02,516.0,1
93,10123,2023-04-03,1514.0,1
94,10123,2023-04-04,2394.0,1
95,10123,2023-04-05,2248.0,0
96,10123,2023-04-06,3325.0,1
97,10123,2023-04-07,1560.0,1
98,10123,2023-04-08,1375.0,1
99,10123,2023-04-09,2273.0,1
100,10123,2023-04-10,2091.0,1
101,10123,2023-04-11,2719.0,1
102,10123,2023-04-12,713.0,0
103,10123,2023-04-13,510.0,1
104,10123,2023-04-14,1785.0,1
105,10123,2023-04-15,595.0,1
106,10123,2023-04-16,2468.0,1
107,10123,2023-04-17,2352.0,0
108,10123,2023-04-18,983.0,1
109,10123,2023-04-19,970.0,1
110,10123,2023-04-20,1542.0,1
111,10123,2023-04-21,2209.0,1
112,10123,2023-04-22,2662.0,0
113,10123,2023-04-23,955.0,1
114,10123,2023-04-24,738.0,1
115,10123,2023-04-25,3004.0,1
116,10123,2023-04-26,3136.0,1
117,10123,2023-04-27,3347.0,1
118,10123,2023-04-28,909.0,0
119,10123,2023-04-29,2241.0,1
120,10123,2023-04-30,2284.0,1
121,10123,2023-05-01,1199.0,0
122,10123,2023-05-02,1891.0,0
123,10123,2023-05-03,2976.0,0
124,10123,2023-05-04,2882.0,1
125,10123,2023-05-05,1250.0,1
126,10123,2023-05-06,2912.0,1
127,10123,2023-05-07,2928.0,1
128,10123,2023-05-08,555.0,1
129,10123,2023-05-09,2319.0,1
130,10123,2023-05-10,2091.0,1
131,10123,2023-05-11,1035.0,0
132,10123,2023-05-12,3426.0,1
133,10123,2023-05-13,505.0,1
134,10123,2023-05-14,1998.0,1
135,10123,2023-05-15,3081.0,0
136,10123,2023-05-16,2694.0,1
137,10123,2023-05-17,1688.0,1
138,10123,2023-05-18,2543.0,1
139,10123,2023-05-19,2806.0,1
140,10123,2023-05-20,1675.0,1
141,10123,2023-05-21,1361.0,1
142,10123,2023-05-22,2036.0,0
143,10123,2023-05-23,3489.0,1
144,10123,2023-05-24,764.0,1
145,10123,2023-05-25,1554.0,1
146,10123,2023-05-26,897.0,1
147,10123,2023-05-27,2375.0,1
148,10123,2023-05-28,3406.0,1
149,10123,2023-05-29,2231.0,1
150,10123,2023-05-30,2844.0,0
151,10123,2023-05-31,887.0,1
152,10123,2023-06-01,1063.0,1
153,10123,2023-06-02,832.0,1
154,10123,2023-06-03,1719.0,1
155,10123,2023-06-04,1911.0,1
156,10123,2023-06-05,1503.0,1
157,10123,2023-06-06,1234.0,1
158,10123,2023-06-07,1308.0,0
159,10123,2023-06-08,1188.0,1
160,10123,2023-06-09,1320.0,1
161,10123,2023-06-10,825.0,1
162,10123,2023-06-11,2343.0,1
163,10123,2023-06-12,1282.0,1
164,10123,2023-06-13,1717.0,1
165,10123,2023-06-14,717.0,1
166,10123,2023-06-15,1920.0,1
167,10123,2023-06-16,3225.0,1
168,10123,2023-06-17,2719.0,1
169,10123,2023-06-18,969.0,1
170,10123,2023-06-19,1473.0,0
171,10123,2023-06-20,1898.0,1
172,10123,2023-06-21,3321.0,1
173,10123,2023-06-22,875.0,0
174,10123,2023-06-23,1719.0,0
175,10123,2023-06-24,2075.0,1
176,10123,2023-06-25,996.0,1
177,10123,2023-06-26,1980.0,1
178,10123,2023-06-27,1367.0,0
179,10123,2023-06-28,2761.0,1
180,10123,2023-06-29,3115.0,1
181,10123,2023-06-30,2844.0,0
182,10123,2023-07-01,2743.0,1
183,10123,2023-07-02,2556.0,1
184,10123,2023-07-03,1993.0,1
185,10123,2023-07-04,1214.0,1
186,10123,2023-07-05,1382.0,1
187,10123,2023-07-06,969.0,0
188,10123,2023-07-07,1581.0,1
189,10123,2023-07-08,983.0,1
190,10123,2023-07-09,1531.0,0
191,10123,2023-07-10,830.0,1
192,10123,2023-07-11,2524.0,1
193,10123,2023-07-12,2122.0,1
194,10123,2023-07-13,1504.0,1
195,10123,2023-07-14,904.0,1
196,10123,2023-07-15,1945.0,1
197,10123,2023-07-16,3373.0,1
198,10123,2023-07-17,2082.0,1
199,10123,2023-07-18,1488.0,1
200,10123,2023-07-19,3087.0,1
201,10123,2023-07-20,2095.0,1
202,10123,2023-07-21,1104.0,1
203,10123,2023-07-22,3438.0,1
204,10123,2023-07-23,2202.0,1
205,10123,2023-07-24,3190.0,0
206,10123,2023-07-25,827.0,1
207,10123,2023-07-26,816.0,1
208,10123,2023-07-27,2342.0,1
209,10123,2023-07-28,1648.0,1
210,10123,2023-07-29,2652.0,0
211,10123,2023-07-30,1236.0,1
212,10123,2023-07-31,1803.0,1
213,10123,2023-08-01,2203.0,1
214,10123,2023-08-02,3494.0,1
215,10123,2023-08-03,2564.0,1
216,10123,2023-08-04,1129.0,1
217,10123,2023-08-05,2200.0,1
218,10123,2023-08-06,1165.0,1
219,10123,2023-08-07,3296.0,1
220,10123,2023-08-08,1099.0,0
221,10123,2023-08-09,2943.0,1
222,10123,2023-08-10,1930.0,1
223,10123,2023-08-11,1148.0,1
224,10123,2023-08-12,906.0,1
225,10123,2023-08-13,1169.0,1
226,10123,2023-08-14,3225.0,0
227,10123,2023-08-15,2427.0,1
228,10123,2023-08-16,1424.0,1
229,10123,2023-08-17,2768.0,1
230,10123,2023-08-18,952.0,1
231,10123,2023-08-19,780.0,1
232,10123,2023-08-20,3188.0,1
233,10123,2023-08-21,1234.0,1
234,10123,2023-08-22,737.0,1
235,10123,2023-08-23,3469.0,1
236,10123,2023-08-24,3397.0,1
237,10123,2023-08-25,2324.0,1
238,10123,2023-08-26,2121.0,1
239,10123,2023-08-27,3197.0,1
240,10123,2023-08-28,1943.0,1
241,10123,2023-08-29,1972.0,0
242,10123,2023-08-30,1823.0,1
243,10123,2023-08-31,1308.0,1
244,10123,2023-09-01,888.0,1
245,10123,2023-09-02,776.0,1
246,10123,2023-09-03,1568.0,1
247,10123,2023-09-04,677.0,1
248,10123,2023-09-05,3195.0,1
249,10123,2023-09-06,3235.0,1
250,10123,2023-09-07,2881.0,1
251,10123,2023-09-08,566.0,1
252,10123,2023-09-09,2520.0,1
253,10123,2023-09-10,1171.0,0
254,10123,2023-09-11,2135.0,1
255,10123,2023-09-12,2326.0,1
256,10123,2023-09-13,1117.0,0
257,10123,2023-09-14,808.0,1
258,10123,2023-09-15,3019.0,1
259,10123,2023-09-16,3175.0,1
260,10123,2023-09-17,623.0,1
261,10123,2023-09-18,2270.0,1
262,10123,2023-09-19,1608.0,1
263,10123,2023-09-20,1862.0,1
264,10123,2023-09-21,651.0,1
265,10123,2023-09-22,2318.0,1
266,10123,2023-09-23,1361.0,1
267,10123,2023-09-24,2110.0,1
268,10123,2023-09-25,2388.0,1
269,10123,2023-09-26,1803.0,1
270,10123,2023-09-27,1402.0,1
271,10123,2023-09-28,2864.0,1
272,10123,2023-09-29,2200.0,1
273,10123,2023-09-30,2357.0,1
274,10123,2023-10-01,1761.0,1
275,10123,2023-10-02,1942.0,1
276,10123,2023-10-03,670.0,1
277,10123,2023-10-04,2038.0,1
278,10123,2023-10-05,1755.0,1
279,10123,2023-10-06,2548.0,1
280,10123,2023-10-07,673.0,0
281,10123,2023-10-08,2842.0,1
282,10123,2023-10-09,1884.0,1
283,10123,2023-10-10,2064.0,1
284,10123,2023-10-11,2715.0,1
285,10123,2023-10-12,1564.0,1
286,10123,2023-10-13,3302.0,1
287,10123,2023-10-14,3199.0,1
288,10123,2023-10-15,1697.0,0
289,10123,2023-10-16,568.0,1
290,10123,2023-10-17,1606.0,1
291,10123,2023-10-18,3328.0,1
292,10123,2023-10-19,3203.0,1
293,10123,2023-10-20,1529.0,0
294,10123,2023-10-21,3408.0,1
295,10123,2023-10-22,2241.0,1
296,10123,2023-10-23,1591.0,1
297,10123,2023-10-24,894.0,1
298,10123,2023-10-25,2703.0,1
299,10123,2023-10-26,996.0,1
300,10123,2023-10-27,1984.0,1
301,10123,2023-10-28,2094.0,1
302,10123,2023-10-29,1171.0,1
303,10123,2023-10-30,1782.0,1
304,10123,2023-10-31,2759.0,1
305,10123,2023-11-01,2864.0,1
306,10123,2023-11-02,1666.0,1
307,10123,2023-11-03,2978.0,0
308,10123,2023-11-04,2388.0,1
309,10123,2023-11-05,2997.0,1
310,10123,2023-11-06,1173.0,1
311,10123,2023-11-07,779.0,1
312,10123,2023-11-08,2679.0,1
313,10123,2023-11-09,1542.0,1
314,10123,2023-11-10,3285.0,1
315,10123,2023-11-11,2839.0,1
316,10123,2023-11-12,1099.0,1
317,10123,2023-11-13,1446.0,1
318,10123,2023-11-14,2272.0,0
319,10123,2023-11-15,902.0,1
320,10123,2023-11-16,1865.0,1
321,10123,2023-11-17,2402.0,1
322,10123,2023-11-18,2573.0,1
323,10123,2023-11-19,1655.0,1
324,10123,2023-11-20,3274.0,1
325,10123,2023-11-21,1374.0,1
326,10123,2023-11-22,905.0,0
327,10123,2023-11-23,1288.0,1
328,10123,2023-11-24,3453.0,1
329,10123,2023-11-25,3498.0,1
330,10123,2023-11-26,2471.0,1
331,10123,2023-11-27,2393.0,1
332,10123,2023-11-28,1247.0,1
333,10123,2023-11-29,2292.0,1
334,10123,2023-11-30,2546.0,1
335,10123,2023-12-01,2171.0,1
336,10123,2023-12-02,1278.0,1
337,10123,2023-12-03,3315.0,1
338,10123,2023-12-04,3466.0,1
339,10123,2023-12-05,1247.0,1
340,10123,2023-12-06,2745.0,1
341,10123,2023-12-07,3359.0,1
342,10123,2023-12-08,2746.0,1
343,10123,2023-12-09,2747.0,1
344,10123,2023-12-10,2333.0,0
345,10123,2023-12-11,3098.0,1
346,10123,2023-12-12,589.0,1
347,10123,2023-12-13,2291.0,0
348,10123,2023-12-14,756.0,1
349,10123,2023-12-15,3243.0,1
350,10123,2023-12-16,2498.0,1
351,10123,2023-12-17,705.0,0
352,10123,2023-12-18,1128.0,1
353,10123,2023-12-19,2182.0,1
354,10123,2023-12-20,1015.0,0
355,10123,2023-12-21,580.0,1
356,10123,2023-12-22,1610.0,1
357,10123,2023-12-23,1964.0,0
358,10123,2023-12-24,2842.0,1
359,10123,2023-12-25,3059.0,1
360,10123,2023-12-26,1335.0,1
361,10123,2023-12-27,2532.0,0
362,10123,2023-12-28,866.0,1
363,10123,2023-12-29,1886.0,1
364,10123,2023-12-30,1808.0,1
365,10123,2023-12-31,634.0,1
366,10123,2024-01-01,1246.0,1
367,10123,2024-01-02,2692.0,1
368,10123,2024-01-03,565.0,1
369,10123,2024-01-04,2378.0,1
370,10123,2024-01-05,653.0,1
371,10123,2024-01-06,2247.0,0
372,10123,2024-01-07,1994.0,1
373,10123,2024-01-08,753.0,1
374,10123,2024-01-09,2636.0,1
375,10123,2024-01-10,1702.0,1
376,10123,2024-01-11,3048.0,0
377,10123,2024-01-12,1170.0,0
378,10123,2024-01-13,2224.0,1
379,10123,2024-01-14,2093.0,0
380,10123,2024-01-15,3140.0,1
381,10123,2024-01-16,3263.0,1
382,10123,2024-01-17,517.0,1
383,10123,2024-01-18,2654.0,1
384,10123,2024-01-19,930.0,0
385,10123,2024-01-20,583.0,1
386,10123,2024-01-21,761.0,1
387,10123,2024-01-22,2588.0,1
388,10123,2024-01-23,1215.0,1
389,10123,2024-01-24,1476.0,1
390,10123,2024-01-25,569.0,1
391,10123,2024-01-26,1017.0,1
392,10123,2024-01-27,2151.0,1
393,10123,2024-01-28,3449.0,1
394,10123,2024-01-29,3188.0,1
395,10123,2024-01-30,743.0,1
396,10123,2024-01-31,2522.0,1
397,10123,2024-02-01,2095.0,1
398,10123,2024-02-02,835.0,1
399,10123,2024-02-03,2036.0,1
400,10123,2024-02-04,2000.0,1
401,10123,2024-02-05,2889.0,1
402,10123,2024-02-06,2947.0,1
403,10123,2024-02-07,1859.0,1
404,10123,2024-02-08,1549.0,1
405,10123,2024-02-09,2168.0,1
406,10123,2024-02-10,1600.0,1
407,10123,2024-02-11,2305.0,1
408,10123,2024-02-12,565.0,1
409,10123,2024-02-13,783.0,1
410,10123,2024-02-14,3259.0,1
411,10123,2024-02-15,3199.0,1
412,10123,2024-02-16,1977.0,1
413,10123,2024-02-17,3202.0,1
414,10123,2024-02-18,2659.0,1
415,10123,2024-02-19,2777.0,1
416,10123,2024-02-20,2643.0,0
417,10123,2024-02-21,938.0,1
418,10123,2024-02-22,2386.0,1
419,10123,2024-02-23,1393.0,1
420,10123,2024-02-24,2253.0,1
421,10123,2024-02-25,2800.0,0
422,10123,2024-02-26,2141.0,1
423,10123,2024-02-27,1288.0,1
424,10123,2024-02-28,1893.0,1
425,10123,2024-02-29,1469.0,1
426,10123,2024-03-01,3176.0,0
427,10123,2024-03-02,2268.0,0
428,10123,2024-03-03,782.0,0
429,10123,2024-03-04,1196.0,1
430,10123,2024-03-05,2333.0,1
431,10123,2024-03-06,3183.0,1
432,10123,2024-03-07,1986.0,1
433,10123,2024-03-08,754.0,1
434,10123,2024-03-09,1673.0,1
435,10123,2024-03-10,1768.0,1
436,10123,2024-03-11,1312.0,0
437,10123,2024-03-12,1969.0,1
438,10123,2024-03-13,1424.0,1
439,10123,2024-03-14,959.0,1
440,10123,2024-03-15,838.0,1
441,10123,2024-03-16,2361.0,1
442,10123,2024-03-17,2375.0,1
443,10123,2024-03-18,1709.0,1
444,10123,2024-03-19,3257.0,1
445,10123,2024-03-20,3343.0,1
446,10123,2024-03-21,3374.0,1
447,10123,2024-03-22,3221.0,1
448,10123,2024-03-23,1798.0,0
449,10123,2024-03-24,2248.0,1
450,10123,2024-03-25,1743.0,1
451,10123,2024-03-26,2264.0,1
452,10123,2024-03-27,1677.0,1
453,10123,2024-03-28,2249.0,1
454,10123,2024-03-29,2684.0,1
455,10123,2024-03-30,2686.0,0
456,10123,2024-03-31,3047.0,1
457,10123,2024-04-01,1048.0,1
458,10123,2024-04-02,1296.0,1
459,10123,2024-04-03,2243.0,1
460,10123,2024-04-04,946.0,1
461,10123,2024-04-05,2586.0,1
462,10123,2024-04-06,2366.0,1
463,10123,2024-04-07,535.0,0
464,10123,2024-04-08,3148.0,1
465,10123,2024-04-09,1684.0,1
466,10123,2024-04-10,2068.0,1
467,10123,2024-04-11,3307.0,1
468,10123,2024-04-12,1013.0,0
469,10123,2024-04-13,925.0,1
470,10123,2024-04-14,1352.0,1
471,10123,2024-04-15,3490.0,1
472,10123,2024-04-16,3034.0,1
473,10123,2024-04-17,3460.0,1
474,10123,2024-04-18,1343.0,0
475,10123,2024-04-19,1529.0,1
476,10123,2024-04-20,583.0,1
477,10123,2024-04-21,896.0,1
478,10123,2024-04-22,3426.0,1
479,10123,2024-04-23,2833.0,1
480,10123,2024-04-24,634.0,1
481,10123,2024-04-25,3195.0,1
482,10123,2024-04-26,3023.0,1
483,10123,2024-04-27,2127.0,1
484,10123,2024-04-28,1515.0,1
485,10123,2024-04-29,3237.0,1
486,10123,2024-04-30,1685.0,1
487,10123,2024-05-01,3220.0,1
488,10123,2024-05-02,1068.0,1
489,10123,2024-05-03,2184.0,0
490,10123,2024-05-04,539.0,1
491,10123,2024-05-05,710.0,1
492,10123,2024-05-06,656.0,1
493,10123,2024-05-07,1059.0,1
494,10123,2024-05-08,2315.0,1
495,10123,2024-05-09,704.0,1
496,10123,2024-05-10,2906.0,1
497,10123,2024-05-11,2086.0,1
498,10123,2024-05-12,2960.0,1
499,10123,2024-05-13,2866.0,1
500,10123,2024-05-14,1600.0,0
501,10123,2024-05-15,2684.0,1
502,10123,2024-05-16,902.0,1
503,10123,2024-05-17,1573.0,1
504,10123,2024-05-18,2478.0,1
505,10123,2024-05-19,2101.0,1
506,10123,2024-05-20,1123.0,1
507,10123,2024-05-21,3451.0,1
508,10123,2024-05-22,1065.0,1
509,10123,2024-05-23,664.0,1
510,10123,2024-05-24,2398.0,0
511,10123,2024-05-25,2718.0,1
512,10123,2024-05-26,2502.0,1
513,10123,2024-05-27,1295.0,1
514,10123,2024-05-28,1653.0,1
515,10123,2024-05-29,1453.0,1
516,10123,2024-05-30,1749.0,1
517,10123,2024-05-31,1810.0,1
518,10123,2024-06-01,3037.0,1
519,10123,2024-06-02,2057.0,1
520,10123,2024-06-03,2514.0,1
521,10123,2024-06-04,1373.0,1
522,10123,2024-06-05,1997.0,1
523,10123,2024-06-06,1885.0,0
524,10123,2024-06-07,1901.0,0
525,10123,2024-06-08,3406.0,1
526,10123,2024-06-09,3016.0,0
527,10123,2024-06-10,2563.0,1
528,10123,2024-06-11,3231.0,1
529,10123,2024-06-12,3228.0,0
530,10123,2024-06-13,1721.0,1
531,10123,2024-06-14,651.0,1
532,10123,2024-06-15,1612.0,1
533,10123,2024-06-16,936.0,1
534,10123,2024-06-17,2005.0,1
535,10123,2024-06-18,3395.0,1
536,10123,2024-06-19,1217.0,1
537,10123,2024-06-20,2422.0,1
538,10123,2024-06-21,695.0,1
539,10123,2024-06-22,1271.0,1
540,10123,2024-06-23,1690.0,1
541,10123,2024-06-24,1853.0,1
542,10123,2024-06-25,1346.0,0
543,10123,2024-06-26,2787.0,1
544,10123,2024-06-27,1393.0,1
545,10123,2024-06-28,872.0,1
546,10123,2024-06-29,3115.0,0
547,10123,2024-06-30,2385.0,1
548,10123,2024-07-01,2481.0,1
549,10123,2024-07-02,3076.0,1
550,10123,2024-07-03,978.0,1
551,10123,2024-07-04,3177.0,0
552,10123,2024-07-05,579.0,0
553,10123,2024-07-06,725.0,1
554,10123,2024-07-07,2614.0,1
555,10123,2024-07-08,3403.0,1
556,10123,2024-07-09,1574.0,1
557,10123,2024-07-10,3099.0,1
558,10123,2024-07-11,2110.0,1
559,10123,2024-07-12,2489.0,1
560,10123,2024-07-13,2000.0,1
561,10123,2024-07-14,3333.0,1
562,10123,2024-07-15,3110.0,1
563,10123,2024-07-16,1241.0,1
564,10123,2024-07-17,2810.0,1
565,10123,2024-07-18,3001.0,1
566,10123,2024-07-19,2764.0,1
567,10123,2024-07-20,1235.0,1
568,10123,2024-07-21,2593.0,1
569,10123,2024-07-22,632.0,1
570,10123,2024-07-23,1128.0,1
571,10123,2024-07-24,2660.0,1
572,10123,2024-07-25,2591.0,1
573,10123,2024-07-26,1981.0,1
574,10123,2024-07-27,1528.0,0
575,10123,2024-07-28,1699.0,1
576,10123,2024-07-29,3256.0,1
577,10123,2024-07-30,1035.0,1
578,10123,2024-07-31,2586.0,1
579,10123,2024-08-01,1855.0,1
580,10123,2024-08-02,3466.0,1
581,10123,2024-08-03,2853.0,1
582,10123,2024-08-04,1320.0,1
583,10123,2024-08-05,1863.0,0
584,10123,2024-08-06,3313.0,0
585,10123,2024-08-07,1423.0,1
586,10123,2024-08-08,2287.0,1
587,10123,2024-08-09,2677.0,1
588,10123,2024-08-10,3400.0,1
589,10123,2024-08-11,3309.0,1
590,10123,2024-08-12,840.0,1
591,10123,2024-08-13,1299.0,1
592,10123,2024-08-14,2329.0,1
593,10123,2024-08-15,1435.0,1
594,10123,2024-08-16,2078.0,1
595,10123,2024-08-17,2175.0,1
596,10123,2024-08-18,2038.0,1
597,10123,2024-08-19,1452.0,0
598,10123,2024-08-20,2909.0,1
599,10123,2024-08-21,3166.0,1
600,10123,2024-08-22,2073.0,1
601,10123,2024-08-23,2879.0,1
602,10123,2024-08-24,1624.0,1
603,10123,2024-08-25,1129.0,1
604,10123,2024-08-26,1747.0,1
605,10123,2024-08-27,3000.0,0
606,10123,2024-08-28,1605.0,1
607,10123,2024-08-29,2941.0,1
608,10123,2024-08-30,2508.0,1
609,10123,2024-08-31,2485.0,1
610,10123,2024-09-01,2922.0,1
611,10123,2024-09-02,1874.0,1
612,10123,2024-09-03,549.0,1
613,10123,2024-09-04,974.0,1
614,10123,2024-09-05,2907.0,1
615,10123,2024-09-06,584.0,1
616,10123,2024-09-07,3342.0,1
617,10123,2024-09-08,3161.0,1
618,10123,2024-09-09,2224.0,1
619,10123,2024-09-10,2929.0,1
620,10123,2024-09-11,1552.0,1
621,10123,2024-09-12,2275.0,1
622,10123,2024-09-13,3284.0,1
623,10123,2024-09-14,872.0,1
624,10123,2024-09-15,895.0,1
625,10123,2024-09-16,1046.0,1
626,10123,2024-09-17,3392.0,1
627,10123,2024-09-18,948.0,0
628,10123,2024-09-19,2894.0,1
629,10123,2024-09-20,2986.0,1
630,10123,2024-09-21,2509.0,1
631,10123,2024-09-22,1530.0,0
632,10123,2024-09-23,2195.0,1
633,10123,2024-09-24,575.0,1
634,10123,2024-09-25,2415.0,1
635,10123,2024-09-26,2325.0,1
636,10123,2024-09-27,2924.0,1
637,10123,2024-09-28,2592.0,1
638,10123,2024-09-29,896.0,1
639,10123,2024-09-30,1806.0,1
640,10123,2024-10-01,2453.0,1
641,10123,2024-10-02,1816.0,1
642,10123,2024-10-03,586.0,1
643,10123,2024-10-04,2596.0,1
644,10123,2024-10-05,532.0,1
645,10123,2024-10-06,1410.0,1
646,10123,2024-10-07,1491.0,1
647,10123,2024-10-08,3042.0,1
648,10123,2024-10-09,2329.0,1
649,10123,2024-10-10,759.0,1
650,10123,2024-10-11,623.0,0
651,10123,2024-10-12,2069.0,1
652,10123,2024-10-13,3113.0,1
653,10123,2024-10-14,1846.0,1
654,10123,2024-10-15,2442.0,1
655,10123,2024-10-16,1117.0,1
656,10123,2024-10-17,1503.0,1
657,10123,2024-10-18,889.0,1
658,10123,2024-10-19,1608.0,1
659,10123,2024-10-20,1757.0,1
660,10123,2024-10-21,3344.0,1
661,10123,2024-10-22,1172.0,1
662,10123,2024-10-23,2386.0,1
663,10123,2024-10-24,727.0,1
664,10123,2024-10-25,2408.0,1
665,10123,2024-10-26,3384.0,1
666,10123,2024-10-27,1790.0,1
667,10123,2024-10-28,3428.0,0
668,10123,2024-10-29,2419.0,1
669,10123,2024-10-30,626.0,0
670,10123,2024-10-31,2896.0,1
671,10123,2024-11-01,2432.0,0
672,10123,2024-11-02,3317.0,1
673,10123,2024-11-03,1241.0,1
674,10123,2024-11-04,1663.0,0
675,10123,2024-11-05,1815.0,1
676,10123,2024-11-06,1704.0,0
677,10123,2024-11-07,2371.0,1
678,10123,2024-11-08,3175.0,1
679,10123,2024-11-09,1179.0,0
680,10123,2024-11-10,1479.0,1
681,10123,2024-11-11,1512.0,1
682,10123,2024-11-12,1899.0,1
683,10123,2024-11-13,2550.0,1
684,10123,2024-11-14,2344.0,1
685,10123,2024-11-15,2888.0,1
686,10123,2024-11-16,978.0,1
687,10123,2024-11-17,1071.0,1
688,10123,2024-11-18,2128.0,1
689,10123,2024-11-19,1767.0,1
690,10123,2024-11-20,3478.0,1
691,10123,2024-11-21,1179.0,1
692,10123,2024-11-22,871.0,1
693,10123,2024-11-23,790.0,1
694,10123,2024-11-24,1455.0,1
695,10123,2024-11-25,2670.0,1
696,10123,2024-11-26,2489.0,1
697,10123,2024-11-27,2396.0,0
698,10123,2024-11-28,3072.0,1
699,10123,2024-11-29,1596.0,1
700,10123,2024-11-30,2909.0,1
701,10123,2024-12-01,1506.0,1
702,10123,2024-12-02,1974.0,0
703,10123,2024-12-03,2790.0,1
704,10123,2024-12-04,2093.0,1
705,10123,2024-12-05,2045.0,1
706,10123,2024-12-06,1000.0,1
707,10123,2024-12-07,1466.0,1
708,10123,2024-12-08,2000.0,1
709,10123,2024-12-09,2471.0,1
710,10123,2024-12-10,3240.0,1
711,10123,2024-12-11,871.0,1
712,10123,2024-12-12,1792.0,1
713,10123,2024-12-13,3472.0,1
714,10123,2024-12-14,1595.0,1
715,10123,2024-12-15,1267.0,1
716,10123,2024-12-16,1974.0,1
717,10123,2024-12-17,1362.0,0
718,10123,2024-12-18,580.0,1
719,10123,2024-12-19,859.0,1
720,10123,2024-12-20,1445.0,0
721,10123,2024-12-21,3415.0,1
722,10123,2024-12-22,3200.0,0
723,10123,2024-12-23,1229.0,1
724,10123,2024-12-24,726.0,1
725,10123,2024-12-25,3023.0,1
726,10123,2024-12-26,1816.0,1
727,10123,2024-12-27,2974.0,1
728,10123,2024-12-28,2829.0,1
729,10123,2024-12-29,1855.0,1
730,10123,2024-12-30,3482.0,1
731,10123,2024-12-31,3021.0,1
732,10245,2023-01-01,2467.0,1
733,10245,2023-01-02,2873.0,1
734,10245,2023-01-03,3417.0,1
735,10245,2023-01-04,1038.0,1
736,10245,2023-01-05,3428.0,0
737,10245,2023-01-06,1640.0,1
738,10245,2023-01-07,2981.0,1
739,10245,2023-01-08,1602.0,1
740,10245,2023-01-09,1139.0,1
741,10245,2023-01-10,3212.0,1
742,10245,2023-01-11,1220.0,0
743,10245,2023-01-12,2861.0,1
744,10245,2023-01-13,1215.0,1
745,10245,2023-01-14,3304.0,1
746,10245,2023-01-15,501.0,1
747,10245,2023-01-16,3027.0,1
748,10245,2023-01-17,3375.0,1
749,10245,2023-01-18,1826.0,1
750,10245,2023-01-19,3311.0,1
751,10245,2023-01-20,2014.0,1
752,10245,2023-01-21,574.0,1
753,10245,2023-01-22,3269.0,1
754,10245,2023-01-23,3327.0,1
755,10245,2023-01-24,2684.0,1
756,10245,2023-01-25,1381.0,1
757,10245,2023-01-26,1827.0,1
758,10245,2023-01-27,2756.0,1
759,10245,2023-01-28,941.0,1
760,10245,2023-01-29,1423.0,1
761,10245,2023-01-30,1956.0,1
762,10245,2023-01-31,1906.0,1
763,10245,2023-02-01,2804.0,1
764,10245,2023-02-02,627.0,1
765,10245,2023-02-03,3449.0,1
766,10245,2023-02-04,3082.0,1
767,10245,2023-02-05,3131.0,1
768,10245,2023-02-06,3438.0,1
769,10245,2023-02-07,2923.0,1
770,10245,2023-02-08,2297.0,1
771,10245,2023-02-09,2806.0,1
772,10245,2023-02-10,1265.0,1
773,10245,2023-02-11,525.0,1
774,10245,2023-02-12,3046.0,1
775,10245,2023-02-13,2313.0,1
776,10245,2023-02-14,3077.0,0
777,10245,2023-02-15,878.0,1
778,10245,2023-02-16,1793.0,1
779,10245,2023-02-17,3300.0,0
780,10245,2023-02-18,1996.0,1
781,10245,2023-02-19,1185.0,0
782,10245,2023-02-20,1038.0,1
783,10245,2023-02-21,2059.0,1
784,10245,2023-02-22,2414.0,1
785,10245,2023-02-23,2372.0,1
786,10245,2023-02-24,3106.0,1
787,10245,2023-02-25,2927.0,1
788,10245,2023-02-26,1084.0,1
789,10245,2023-02-27,1302.0,1
790,10245,2023-02-28,1547.0,1
791,10245,2023-03-01,3102.0,1
792,10245,2023-03-02,2714.0,1
793,10245,2023-03-03,1091.0,1
794,10245,2023-03-04,1288.0,1
795,10245,2023-03-05,2996.0,1
796,10245,2023-03-06,945.0,0
797,10245,2023-03-07,873.0,1
798,10245,2023-03-08,2173.0,1
799,10245,2023-03-09,2846.0,1
800,10245,2023-03-10,2369.0,1
801,10245,2023-03-11,3235.0,1
802,10245,2023-03-12,2489.0,1
803,10245,2023-03-13,1279.0,1
804,10245,2023-03-14,2408.0,1
805,10245,2023-03-15,833.0,1
806,10245,2023-03-16,614.0,1
807,10245,2023-03-17,712.0,1
808,10245,2023-03-18,2618.0,1
809,10245,2023-03-19,2598.0,1
810,10245,2023-03-20,975.0,1
811,10245,2023-03-21,2651.0,0
812,10245,2023-03-22,1275.0,1
813,10245,2023-03-23,2007.0,0
814,10245,2023-03-24,2746.0,1
815,10245,2023-03-25,1997.0,1
816,10245,2023-03-26,1715.0,1
817,10245,2023-03-27,1750.0,1
818,10245,2023-03-28,547.0,1
819,10245,2023-03-29,2244.0,1
820,10245,2023-03-30,3342.0,0
821,10245,2023-03-31,2617.0,1
822,10245,2023-04-01,516.0,1
823,10245,2023-04-02,2599.0,1
824,10245,2023-04-03,794.0,1
825,10245,2023-04-04,1771.0,1
826,10245,2023-04-05,2885.0,1
827,10245,2023-04-06,1134.0,1
828,10245,2023-04-07,1929.0,1
829,10245,2023-04-08,1790.0,1
830,10245,2023-04-09,2975.0,1
831,10245,2023-04-10,1789.0,1
832,10245,2023-04-11,1083.0,1
833,10245,2023-04-12,744.0,1
834,10245,2023-04-13,1745.0,1
835,10245,2023-04-14,806.0,1
836,10245,2023-04-15,1218.0,1
837,10245,2023-04-16,3040.0,1
838,10245,2023-04-17,703.0,1
839,10245,2023-04-18,1483.0,0
840,10245,2023-04-19,1773.0,1
841,10245,2023-04-20,907.0,1
842,10245,2023-04-21,1632.0,1
843,10245,2023-04-22,1204.0,1
844,10245,2023-04-23,2058.0,1
845,10245,2023-04-24,2120.0,1
846,10245,2023-04-25,3211.0,1
847,10245,2023-04-26,1299.0,1
848,10245,2023-04-27,3167.0,1
849,10245,2023-04-28,867.0,1
850,10245,2023-04-29,1133.0,1
851,10245,2023-04-30,1449.0,1
852,10245,2023-05-01,529.0,1
853,10245,2023-05-02,2616.0,1
854,10245,2023-05-03,2048.0,1
855,10245,2023-05-04,2923.0,1
856,10245,2023-05-05,3176.0,1
857,10245,2023-05-06,1248.0,1
858,10245,2023-05-07,1977.0,1
859,10245,2023-05-08,797.0,1
860,10245,2023-05-09,3030.0,1
861,10245,2023-05-10,907.0,1
862,10245,2023-05-11,2359.0,1
863,10245,2023-05-12,1636.0,1
864,10245,2023-05-13,3398.0,1
865,10245,2023-05-14,2320.0,1
866,10245,2023-05-15,2148.0,1
867,10245,2023-05-16,2516.0,1
868,10245,2023-05-17,1138.0,1
869,10245,2023-05-18,1739.0,1
870,10245,2023-05-19,993.0,1
871,10245,2023-05-20,1592.0,1
872,10245,2023-05-21,2235.0,1
873,10245,2023-05-22,2659.0,0
874,10245,2023-05-23,2390.0,1
875,10245,2023-05-24,1460.0,1
876,10245,2023-05-25,689.0,1
877,10245,2023-05-26,2386.0,0
878,10245,2023-05-27,1200.0,1
879,10245,2023-05-28,1658.0,1
880,10245,2023-05-29,2876.0,1
881,10245,2023-05-30,1083.0,1
882,10245,2023-05-31,1102.0,1
883,10245,2023-06-01,1539.0,1
884,10245,2023-06-02,2922.0,1
885,10245,2023-06-03,676.0,1
886,10245,2023-06-04,3434.0,1
887,10245,2023-06-05,1546.0,1
888,10245,2023-06-06,2280.0,1
889,10245,2023-06-07,972.0,1
890,10245,2023-06-08,1364.0,1
891,10245,2023-06-09,1854.0,1
892,10245,2023-06-10,715.0,1
893,10245,2023-06-11,1342.0,1
894,10245,2023-06-12,3305.0,1
895,10245,2023-06-13,1228.0,1
896,10245,2023-06-14,757.0,1
897,10245,2023-06-15,3489.0,1
898,10245,2023-06-16,999.0,1
899,10245,2023-06-17,2656.0,1
900,10245,2023-06-18,2447.0,1
901,10245,2023-06-19,2434.0,1
902,10245,2023-06-20,1828.0,1
903,10245,2023-06-21,1578.0,1
904,10245,2023-06-22,3408.0,1
905,10245,2023-06-23,2925.0,1
906,10245,2023-06-24,3468.0,1
907,10245,2023-06-25,3384.0,1
908,10245,2023-06-26,1326.0,1
909,10245,2023-06-27,1732.0,1
910,10245,2023-06-28,2261.0,1
911,10245,2023-06-29,2460.0,1
912,10245,2023-06-30,2982.0,1
913,10245,2023-07-01,1943.0,1
914,10245,2023-07-02,1766.0,1
915,10245,2023-07-03,1276.0,1
916,10245,2023-07-04,2449.0,1
917,10245,2023-07-05,2283.0,1
918,10245,2023-07-06,2451.0,1
919,10245,2023-07-07,1190.0,1
920,10245,2023-07-08,1870.0,1
921,10245,2023-07-09,1826.0,1
922,10245,2023-07-10,1997.0,0
923,10245,2023-07-11,2358.0,1
924,10245,2023-07-12,2287.0,1
925,10245,2023-07-13,2784.0,1
926,10245,2023-07-14,995.0,1
927,10245,2023-07-15,1673.0,1
928,10245,2023-07-16,3046.0,1
929,10245,2023-07-17,3309.0,1
930,10245,2023-07-18,2421.0,1
931,10245,2023-07-19,1516.0,1
932,10245,2023-07-20,2828.0,1
933,10245,2023-07-21,805.0,1
934,10245,2023-07-22,1108.0,1
935,10245,2023-07-23,1429.0,1
936,10245,2023-07-24,2481.0,1
937,10245,2023-07-25,3402.0,1
938,10245,2023-07-26,3447.0,0
939,10245,2023-07-27,1615.0,0
940,10245,2023-07-28,557.0,1
941,10245,2023-07-29,2175.0,1
942,10245,2023-07-30,1500.0,1
943,10245,2023-07-31,2849.0,1
944,10245,2023-08-01,525.0,1
945,10245,2023-08-02,2863.0,0
946,10245,2023-08-03,1903.0,1
947,10245,2023-08-04,3387.0,1
948,10245,2023-08-05,3269.0,1
949,10245,2023-08-06,1174.0,1
950,10245,2023-08-07,2352.0,1
951,10245,2023-08-08,3386.0,1
952,10245,2023-08-09,1961.0,1
953,10245,2023-08-10,2006.0,1
954,10245,2023-08-11,1358.0,1
955,10245,2023-08-12,3130.0,1
956,10245,2023-08-13,3434.0,1
957,10245,2023-08-14,1861.0,1
958,10245,2023-08-15,3331.0,1
959,10245,2023-08-16,3344.0,1
960,10245,2023-08-17,2929.0,0
961,10245,2023-08-18,1102.0,1
962,10245,2023-08-19,2187.0,1
963,10245,2023-08-20,3373.0,1
964,10245,2023-08-21,2262.0,1
965,10245,2023-08-22,1136.0,1
966,10245,2023-08-23,737.0,1
967,10245,2023-08-24,1069.0,1
968,10245,2023-08-25,2047.0,1
969,10245,2023-08-26,1282.0,1
970,10245,2023-08-27,1574.0,1
971,10245,2023-08-28,1487.0,1
972,10245,2023-08-29,1479.0,1
973,10245,2023-08-30,1827.0,1
974,10245,2023-08-31,3246.0,1
975,10245,2023-09-01,3110.0,0
976,10245,2023-09-02,2447.0,1
977,10245,2023-09-03,1986.0,0
978,10245,2023-09-04,1471.0,1
979,10245,2023-09-05,1130.0,1
980,10245,2023-09-06,2015.0,1
981,10245,2023-09-07,683.0,1
982,10245,2023-09-08,508.0,1
983,10245,2023-09-09,2899.0,1
984,10245,2023-09-10,2450.0,1
985,10245,2023-09-11,2482.0,1
986,10245,2023-09-12,2355.0,1
987,10245,2023-09-13,1296.0,1
988,10245,2023-09-14,2208.0,0
989,10245,2023-09-15,3462.0,1
990,10245,2023-09-16,2047.0,1
991,10245,2023-09-17,3117.0,1
992,10245,2023-09-18,748.0,1
993,10245,2023-09-19,1695.0,1
994,10245,2023-09-20,703.0,1
995,10245,2023-09-21,3100.0,1
996,10245,2023-09-22,869.0,1
997,10245,2023-09-23,862.0,1
998,10245,2023-09-24,920.0,1
999,10245,2023-09-25,3376.0,1
1000,10245,2023-09-26,1864.0,1
1001,10245,2023-09-27,1822.0,1
1002,10245,2023-09-28,726.0,1
1003,10245,2023-09-29,2126.0,1
1004,10245,2023-09-30,2165.0,1
1005,10245,2023-10-01,3472.0,1
1006,10245,2023-10-02,1196.0,1
1007,10245,2023-10-03,1833.0,1
1008,10245,2023-10-04,3303.0,1
1009,10245,2023-10-05,1319.0,1
1010,10245,2023-10-06,1091.0,0
1011,10245,2023-10-07,2481.0,0
1012,10245,2023-10-08,3024.0,1
1013,10245,2023-10-09,2461.0,1
1014,10245,2023-10-10,2392.0,1
1015,10245,2023-10-11,508.0,0
1016,10245,2023-10-12,1445.0,1
1017,10245,2023-10-13,2694.0,1
1018,10245,2023-10-14,815.0,1
1019,10245,2023-10-15,1127.0,1
1020,10245,2023-10-16,1565.0,1
1021,10245,2023-10-17,827.0,1
1022,10245,2023-10-18,2974.0,1
1023,10245,2023-10-19,805.0,1
1024,10245,2023-10-20,1869.0,1
1025,10245,2023-10-21,899.0,1
1026,10245,2023-10-22,1281.0,1
1027,10245,2023-10-23,2718.0,1
1028,10245,2023-10-24,909.0,1
1029,10245,2023-10-25,2974.0,1
1030,10245,2023-10-26,1321.0,1
1031,10245,2023-10-27,533.0,1
1032,10245,2023-10-28,1025.0,1
1033,10245,2023-10-29,743.0,1
1034,10245,2023-10-30,698.0,1
1035,10245,2023-10-31,1984.0,1
1036,10245,2023-11-01,763.0,1
1037,10245,2023-11-02,2619.0,0
1038,10245,2023-11-03,2415.0,0
1039,10245,2023-11-04,2576.0,1
1040,10245,2023-11-05,960.0,0
1041,10245,2023-11-06,1204.0,1
1042,10245,2023-11-07,2851.0,1
1043,10245,2023-11-08,2941.0,1
1044,10245,2023-11-09,2266.0,1
1045,10245,2023-11-10,2882.0,1
1046,10245,2023-11-11,1005.0,1
1047,10245,2023-11-12,2272.0,1
1048,10245,2023-11-13,521.0,1
1049,10245,2023-11-14,1983.0,1
1050,10245,2023-11-15,1122.0,1
1051,10245,2023-11-16,3416.0,0
1052,10245,2023-11-17,1840.0,1
1053,10245,2023-11-18,2990.0,1
1054,10245,2023-11-19,540.0,0
1055,10245,2023-11-20,1846.0,0
1056,10245,2023-11-21,3441.0,1
1057,10245,2023-11-22,3318.0,1
1058,10245,2023-11-23,3437.0,1
1059,10245,2023-11-24,2564.0,1
1060,10245,2023-11-25,2664.0,1
1061,10245,2023-11-26,3335.0,1
1062,10245,2023-11-27,1108.0,1
1063,10245,2023-11-28,2679.0,1
1064,10245,2023-11-29,2920.0,1
1065,10245,2023-11-30,2966.0,1
1066,10245,2023-12-01,2174.0,1
1067,10245,2023-12-02,1262.0,1
1068,10245,2023-12-03,3098.0,1
1069,10245,2023-12-04,860.0,1
1070,10245,2023-12-05,970.0,1
1071,10245,2023-12-06,1168.0,0
1072,10245,2023-12-07,1481.0,0
1073,10245,2023-12-08,2741.0,1
1074,10245,2023-12-09,1609.0,1
1075,10245,2023-12-10,2249.0,1
1076,10245,2023-12-11,618.0,1
1077,10245,2023-12-12,1885.0,1
1078,10245,2023-12-13,2277.0,1
1079,10245,2023-12-14,1500.0,1
1080,10245,2023-12-15,3315.0,0
1081,10245,2023-12-16,2652.0,1
1082,10245,2023-12-17,800.0,0
1083,10245,2023-12-18,2860.0,1
1084,10245,2023-12-19,2234.0,1
1085,10245,2023-12-20,2757.0,1
1086,10245,2023-12-21,1174.0,1
1087,10245,2023-12-22,2253.0,1
1088,10245,2023-12-23,1268.0,1
1089,10245,2023-12-24,2440.0,1
1090,10245,2023-12-25,3087.0,1
1091,10245,2023-12-26,3458.0,1
1092,10245,2023-12-27,3373.0,1
1093,10245,2023-12-28,1741.0,1
1094,10245,2023-12-29,3410.0,1
1095,10245,2023-12-30,1118.0,1
1096,10245,2023-12-31,1684.0,1
1097,10245,2024-01-01,1214.0,1
1098,10245,2024-01-02,2354.0,1
1099,10245,2024-01-03,2682.0,0
1100,10245,2024-01-04,2933.0,1
1101,10245,2024-01-05,2204.0,1
1102,10245,2024-01-06,3426.0,0
1103,10245,2024-01-07,739.0,1
1104,10245,2024-01-08,3184.0,1
1105,10245,2024-01-09,3141.0,1
1106,10245,2024-01-10,2557.0,1
1107,10245,2024-01-11,2490.0,1
1108,10245,2024-01-12,1376.0,1
1109,10245,2024-01-13,1776.0,1
1110,10245,2024-01-14,692.0,1
1111,10245,2024-01-15,2992.0,1
1112,10245,2024-01-16,1333.0,1
1113,10245,2024-01-17,2294.0,1
1114,10245,2024-01-18,898.0,1
1115,10245,2024-01-19,2865.0,1
1116,10245,2024-01-20,2089.0,0
1117,10245,2024-01-21,3090.0,1
1118,10245,2024-01-22,1401.0,1
1119,10245,2024-01-23,2473.0,1
1120,10245,2024-01-24,2083.0,1
1121,10245,2024-01-25,2947.0,1
1122,10245,2024-01-26,2194.0,0
1123,10245,2024-01-27,1012.0,1
1124,10245,2024-01-28,1277.0,0
1125,10245,2024-01-29,1722.0,1
1126,10245,2024-01-30,1187.0,1
1127,10245,2024-01-31,2624.0,1
1128,10245,2024-02-01,510.0,1
1129,10245,2024-02-02,2206.0,1
1130,10245,2024-02-03,598.0,1
1131,10245,2024-02-04,3422.0,1
1132,10245,2024-02-05,3270.0,1
1133,10245,2024-02-06,2415.0,1
1134,10245,2024-02-07,611.0,1
1135,10245,2024-02-08,3054.0,0
1136,10245,2024-02-09,2270.0,1
1137,10245,2024-02-10,1378.0,0
1138,10245,2024-02-11,3245.0,1
1139,10245,2024-02-12,2225.0,1
1140,10245,2024-02-13,1063.0,1
1141,10245,2024-02-14,1279.0,1
1142,10245,2024-02-15,3299.0,1
1143,10245,2024-02-16,3373.0,1
1144,10245,2024-02-17,894.0,1
1145,10245,2024-02-18,2885.0,1
1146,10245,2024-02-19,3170.0,0
1147,10245,2024-02-20,2934.0,1
1148,10245,2024-02-21,3348.0,1
1149,10245,2024-02-22,859.0,1
1150,10245,2024-02-23,588.0,1
1151,10245,2024-02-24,1941.0,1
1152,10245,2024-02-25,953.0,1
1153,10245,2024-02-26,1908.0,1
1154,10245,2024-02-27,2999.0,1
1155,10245,2024-02-28,2348.0,1
1156,10245,2024-02-29,3430.0,1
1157,10245,2024-03-01,2538.0,1
1158,10245,2024-03-02,2796.0,0
1159,10245,2024-03-03,2867.0,1
1160,10245,2024-03-04,2678.0,1
1161,10245,2024-03-05,1788.0,1
1162,10245,2024-03-06,2344.0,1
1163,10245,2024-03-07,1707.0,1
1164,10245,2024-03-08,2746.0,0
1165,10245,2024-03-09,875.0,1
1166,10245,2024-03-10,3095.0,1
1167,10245,2024-03-11,3449.0,1
1168,10245,2024-03-12,3306.0,1
1169,10245,2024-03-13,3145.0,1
1170,10245,2024-03-14,1830.0,1
1171,10245,2024-03-15,1835.0,1
1172,10245,2024-03-16,984.0,1
1173,10245,2024-03-17,3379.0,1
1174,10245,2024-03-18,1420.0,1
1175,10245,2024-03-19,1575.0,1
1176,10245,2024-03-20,1059.0,1
1177,10245,2024-03-21,816.0,0
1178,10245,2024-03-22,2916.0,0
1179,10245,2024-03-23,1898.0,1
1180,10245,2024-03-24,873.0,1
1181,10245,2024-03-25,1135.0,1
1182,10245,2024-03-26,2694.0,0
1183,10245,2024-03-27,2888.0,1
1184,10245,2024-03-28,2930.0,1
1185,10245,2024-03-29,3479.0,1
1186,10245,2024-03-30,3063.0,1
1187,10245,2024-03-31,1753.0,1
1188,10245,2024-04-01,2722.0,1
1189,10245,2024-04-02,1376.0,0
1190,10245,2024-04-03,2728.0,1
1191,10245,2024-04-04,2320.0,1
1192,10245,2024-04-05,694.0,1
1193,10245,2024-04-06,1728.0,0
1194,10245,2024-04-07,3411.0,1
1195,10245,2024-04-08,2459.0,0
1196,10245,2024-04-09,1048.0,1
1197,10245,2024-04-10,1206.0,1
1198,10245,2024-04-11,840.0,1
1199,10245,2024-04-12,1592.0,1
1200,10245,2024-04-13,1378.0,1
1201,10245,2024-04-14,1717.0,1
1202,10245,2024-04-15,2699.0,1
1203,10245,2024-04-16,2817.0,1
1204,10245,2024-04-17,1012.0,1
1205,10245,2024-04-18,1458.0,1
1206,10245,2024-04-19,674.0,1
1207,10245,2024-04-20,2704.0,1
1208,10245,2024-04-21,1723.0,1
1209,10245,2024-04-22,2311.0,1
1210,10245,2024-04-23,3117.0,1
1211,10245,2024-04-24,3216.0,1
1212,10245,2024-04-25,1565.0,1
1213,10245,2024-04-26,3288.0,1
1214,10245,2024-04-27,1842.0,1
1215,10245,2024-04-28,2608.0,1
1216,10245,2024-04-29,643.0,1
1217,10245,2024-04-30,3425.0,1
1218,10245,2024-05-01,923.0,1
1219,10245,2024-05-02,2486.0,1
1220,10245,2024-05-03,977.0,1
1221,10245,2024-05-04,1313.0,1
1222,10245,2024-05-05,780.0,1
1223,10245,2024-05-06,2008.0,1
1224,10245,2024-05-07,3232.0,0
1225,10245,2024-05-08,1473.0,1
1226,10245,2024-05-09,1531.0,1
1227,10245,2024-05-10,1003.0,1
1228,10245,2024-05-11,1022.0,1
1229,10245,2024-05-12,796.0,1
1230,10245,2024-05-13,1720.0,1
1231,10245,2024-05-14,2301.0,1
1232,10245,2024-05-15,1227.0,1
1233,10245,2024-05-16,3036.0,1
1234,10245,2024-05-17,2015.0,0
1235,10245,2024-05-18,3043.0,1
1236,10245,2024-05-19,573.0,0
1237,10245,2024-05-20,2680.0,0
1238,10245,2024-05-21,3447.0,1
1239,10245,2024-05-22,2808.0,0
1240,10245,2024-05-23,3135.0,1
1241,10245,2024-05-24,2310.0,1
1242,10245,2024-05-25,809.0,0
1243,10245,2024-05-26,2146.0,0
1244,10245,2024-05-27,3050.0,1
1245,10245,2024-05-28,2112.0,1
1246,10245,2024-05-29,2262.0,0
1247,10245,2024-05-30,828.0,1
1248,10245,2024-05-31,2292.0,1
1249,10245,2024-06-01,1794.0,1
1250,10245,2024-06-02,3372.0,1
1251,10245,2024-06-03,839.0,1
1252,10245,2024-06-04,2365.0,1
1253,10245,2024-06-05,589.0,1
1254,10245,2024-06-06,990.0,1
1255,10245,2024-06-07,2448.0,1
1256,10245,2024-06-08,1139.0,1
1257,10245,2024-06-09,2469.0,1
1258,10245,2024-06-10,2526.0,1
1259,10245,2024-06-11,1063.0,0
1260,10245,2024-06-12,828.0,0
1261,10245,2024-06-13,1538.0,1
1262,10245,2024-06-14,3407.0,1
1263,10245,2024-06-15,3125.0,1
1264,10245,2024-06-16,1769.0,1
1265,10245,2024-06-17,2848.0,1
1266,10245,2024-06-18,3084.0,1
1267,10245,2024-06-19,3138.0,1
1268,10245,2024-06-20,3209.0,1
1269,10245,2024-06-21,2131.0,1
1270,10245,2024-06-22,600.0,1
1271,10245,2024-06-23,2763.0,1
1272,10245,2024-06-24,1559.0,1
1273,10245,2024-06-25,3494.0,1
1274,10245,2024-06-26,1425.0,1
1275,10245,2024-06-27,2757.0,1
1276,10245,2024-06-28,2713.0,1
1277,10245,2024-06-29,2399.0,1
1278,10245,2024-06-30,1859.0,1
1279,10245,2024-07-01,3215.0,1
1280,10245,2024-07-02,3269.0,1
1281,10245,2024-07-03,3476.0,1
1282,10245,2024-07-04,2657.0,1
1283,10245,2024-07-05,1651.0,1
1284,10245,2024-07-06,3002.0,1
1285,10245,2024-07-07,2981.0,1
1286,10245,2024-07-08,1816.0,1
1287,10245,2024-07-09,3101.0,1
1288,10245,2024-07-10,685.0,1
1289,10245,2024-07-11,847.0,1
1290,10245,2024-07-12,1885.0,0
1291,10245,2024-07-13,2782.0,1
1292,10245,2024-07-14,2325.0,1
1293,10245,2024-07-15,3309.0,0
1294,10245,2024-07-16,1689.0,1
1295,10245,2024-07-17,650.0,1
1296,10245,2024-07-18,2004.0,1
1297,10245,2024-07-19,2800.0,1
1298,10245,2024-07-20,532.0,1
1299,10245,2024-07-21,2248.0,0
1300,10245,2024-07-22,2839.0,0
1301,10245,2024-07-23,1656.0,0
1302,10245,2024-07-24,3271.0,1
1303,10245,2024-07-25,2994.0,1
1304,10245,2024-07-26,3321.0,1
1305,10245,2024-07-27,3332.0,1
1306,10245,2024-07-28,2013.0,1
1307,10245,2024-07-29,1764.0,1
1308,10245,2024-07-30,2756.0,1
1309,10245,2024-07-31,2164.0,1
1310,10245,2024-08-01,2619.0,1
1311,10245,2024-08-02,881.0,1
1312,10245,2024-08-03,598.0,1
1313,10245,2024-08-04,1159.0,1
1314,10245,2024-08-05,2461.0,0
1315,10245,2024-08-06,2669.0,1
1316,10245,2024-08-07,751.0,1
1317,10245,2024-08-08,1593.0,1
1318,10245,2024-08-09,2883.0,0
1319,10245,2024-08-10,3083.0,1
1320,10245,2024-08-11,1136.0,1
1321,10245,2024-08-12,773.0,1
1322,10245,2024-08-13,1125.0,1
1323,10245,2024-08-14,907.0,1
1324,10245,2024-08-15,3287.0,0
1325,10245,2024-08-16,2220.0,1
1326,10245,2024-08-17,1620.0,1
1327,10245,2024-08-18,712.0,1
1328,10245,2024-08-19,733.0,1
1329,10245,2024-08-20,3061.0,1
1330,10245,2024-08-21,2561.0,1
1331,10245,2024-08-22,2490.0,1
1332,10245,2024-08-23,1918.0,1
1333,10245,2024-08-24,3417.0,1
1334,10245,2024-08-25,2342.0,1
1335,10245,2024-08-26,2917.0,1
1336,10245,2024-08-27,3187.0,1
1337,10245,2024-08-28,2583.0,1
1338,10245,2024-08-29,1286.0,1
1339,10245,2024-08-30,1452.0,1
1340,10245,2024-08-31,1785.0,1
1341,10245,2024-09-01,1399.0,1
1342,10245,2024-09-02,3191.0,1
1343,10245,2024-09-03,2166.0,1
1344,10245,2024-09-04,1831.0,0
1345,10245,2024-09-05,2135.0,1
1346,10245,2024-09-06,2400.0,1
1347,10245,2024-09-07,3322.0,0
1348,10245,2024-09-08,987.0,1
1349,10245,2024-09-09,2836.0,1
1350,10245,2024-09-10,826.0,1
1351,10245,2024-09-11,1462.0,1
1352,10245,2024-09-12,2874.0,1
1353,10245,2024-09-13,2021.0,0
1354,10245,2024-09-14,3481.0,1
1355,10245,2024-09-15,1503.0,0
1356,10245,2024-09-16,661.0,0
1357,10245,2024-09-17,811.0,1
1358,10245,2024-09-18,682.0,1
1359,10245,2024-09-19,626.0,1
1360,10245,2024-09-20,2707.0,1
1361,10245,2024-09-21,3275.0,1
1362,10245,2024-09-22,622.0,1
1363,10245,2024-09-23,1595.0,1
1364,10245,2024-09-24,2613.0,1
1365,10245,2024-09-25,1280.0,1
1366,10245,2024-09-26,1772.0,1
1367,10245,2024-09-27,1355.0,1
1368,10245,2024-09-28,1468.0,1
1369,10245,2024-09-29,1220.0,1
1370,10245,2024-09-30,1019.0,1
1371,10245,2024-10-01,2624.0,1
1372,10245,2024-10-02,776.0,1
1373,10245,2024-10-03,2735.0,1
1374,10245,2024-10-04,2339.0,1
1375,10245,2024-10-05,532.0,1
1376,10245,2024-10-06,3120.0,1
1377,10245,2024-10-07,2648.0,1
1378,10245,2024-10-08,1640.0,1
1379,10245,2024-10-09,933.0,1
1380,10245,2024-10-10,2628.0,1
1381,10245,2024-10-11,1527.0,1
1382,10245,2024-10-12,810.0,1
1383,10245,2024-10-13,2965.0,1
1384,10245,2024-10-14,760.0,1
1385,10245,2024-10-15,2235.0,1
1386,10245,2024-10-16,2694.0,1
1387,10245,2024-10-17,2877.0,1
1388,10245,2024-10-18,1233.0,1
1389,10245,2024-10-19,1949.0,1
1390,10245,2024-10-20,2573.0,0
1391,10245,2024-10-21,2029.0,1
1392,10245,2024-10-22,2971.0,1
1393,10245,2024-10-23,3443.0,1
1394,10245,2024-10-24,1239.0,1
1395,10245,2024-10-25,2008.0,1
1396,10245,2024-10-26,2596.0,0
1397,10245,2024-10-27,2414.0,1
1398,10245,2024-10-28,2980.0,1
1399,10245,2024-10-29,944.0,0
1400,10245,2024-10-30,906.0,1
1401,10245,2024-10-31,3353.0,1
1402,10245,2024-11-01,1564.0,1
1403,10245,2024-11-02,1659.0,0
1404,10245,2024-11-03,2516.0,1
1405,10245,2024-11-04,2374.0,1
1406,10245,2024-11-05,954.0,0
1407,10245,2024-11-06,531.0,1
1408,10245,2024-11-07,962.0,1
1409,10245,2024-11-08,943.0,1
1410,10245,2024-11-09,748.0,1
1411,10245,2024-11-10,1883.0,1
1412,10245,2024-11-11,1539.0,1
1413,10245,2024-11-12,2508.0,1
1414,10245,2024-11-13,2085.0,1
1415,10245,2024-11-14,1660.0,1
1416,10245,2024-11-15,2722.0,1
1417,10245,2024-11-16,2036.0,1
1418,10245,2024-11-17,606.0,1
1419,10245,2024-11-18,1020.0,1
1420,10245,2024-11-19,781.0,0
1421,10245,2024-11-20,1619.0,1
1422,10245,2024-11-21,3180.0,1
1423,10245,2024-11-22,3336.0,1
1424,10245,2024-11-23,987.0,1
1425,10245,2024-11-24,1486.0,1
1426,10245,2024-11-25,2094.0,1
1427,10245,2024-11-26,2930.0,1
1428,10245,2024-11-27,3378.0,0
1429,10245,2024-11-28,1243.0,1
1430,10245,2024-11-29,1442.0,1
1431,10245,2024-11-30,3156.0,1
1432,10245,2024-12-01,2552.0,1
1433,10245,2024-12-02,2674.0,1
1434,10245,2024-12-03,1521.0,1
1435,10245,2024-12-04,1221.0,1
1436,10245,2024-12-05,755.0,1
1437,10245,2024-12-06,1214.0,1
1438,10245,2024-12-07,2441.0,1
1439,10245,2024-12-08,1654.0,0
1440,10245,2024-12-09,2912.0,1
1441,10245,2024-12-10,2595.0,1
1442,10245,2024-12-11,3447.0,1
1443,10245,2024-12-12,698.0,1
1444,10245,2024-12-13,1236.0,1
1445,10245,2024-12-14,1369.0,1
1446,10245,2024-12-15,2891.0,1
1447,10245,2024-12-16,3312.0,0
1448,10245,2024-12-17,567.0,1
1449,10245,2024-12-18,582.0,1
1450,10245,2024-12-19,1039.0,1
1451,10245,2024-12-20,2388.0,1
1452,10245,2024-12-21,2757.0,1
1453,10245,2024-12-22,1645.0,1
1454,10245,2024-12-23,1125.0,1
1455,10245,2024-12-24,1590.0,1
1456,10245,2024-12-25,842.0,1
1457,10245,2024-12-26,1903.0,1
1458,10245,2024-12-27,3392.0,1
1459,10245,2024-12-28,2609.0,1
1460,10245,2024-12-29,2937.0,1
1461,10245,2024-12-30,2723.0,1
1462,10245,2024-12-31,883.0,1
1463,10367,2023-01-01,2327.0,1
1464,10367,2023-01-02,1807.0,1
1465,10367,2023-01-03,3249.0,1
1466,10367,2023-01-04,1812.0,1
1467,10367,2023-01-05,2539.0,1
1468,10367,2023-01-06,1930.0,1
1469,10367,2023-01-07,1662.0,1
1470,10367,2023-01-08,3311.0,1
1471,10367,2023-01-09,932.0,1
1472,10367,2023-01-10,1040.0,1
1473,10367,2023-01-11,2421.0,1
1474,10367,2023-01-12,3294.0,1
1475,10367,2023-01-13,3272.0,1
1476,10367,2023-01-14,1052.0,0
1477,10367,2023-01-15,2216.0,1
1478,10367,2023-01-16,2647.0,1
1479,10367,2023-01-17,1216.0,1
1480,10367,2023-01-18,1478.0,1
1481,10367,2023-01-19,2973.0,1
1482,10367,2023-01-20,1468.0,1
1483,10367,2023-01-21,2058.0,1
1484,10367,2023-01-22,2162.0,1
1485,10367,2023-01-23,1322.0,1
1486,10367,2023-01-24,773.0,1
1487,10367,2023-01-25,885.0,1
1488,10367,2023-01-26,1830.0,1
1489,10367,2023-01-27,2747.0,1
1490,10367,2023-01-28,947.0,0
1491,10367,2023-01-29,1809.0,1
1492,10367,2023-01-30,2849.0,1
1493,10367,2023-01-31,1720.0,1
1494,10367,2023-02-01,2442.0,1
1495,10367,2023-02-02,2540.0,1
1496,10367,2023-02-03,2696.0,0
1497,10367,2023-02-04,1935.0,1
1498,10367,2023-02-05,2977.0,1
1499,10367,2023-02-06,2765.0,1
1500,10367,2023-02-07,1629.0,0
1501,10367,2023-02-08,3337.0,1
1502,10367,2023-02-09,1978.0,1
1503,10367,2023-02-10,3249.0,0
1504,10367,2023-02-11,508.0,1
1505,10367,2023-02-12,1839.0,1
1506,10367,2023-02-13,1340.0,1
1507,10367,2023-02-14,1535.0,1
1508,10367,2023-02-15,1028.0,0
1509,10367,2023-02-16,2363.0,1
1510,10367,2023-02-17,2298.0,1
1511,10367,2023-02-18,1829.0,1
1512,10367,2023-02-19,3478.0,1
1513,10367,2023-02-20,1704.0,1
1514,10367,2023-02-21,2056.0,1
1515,10367,2023-02-22,1217.0,1
1516,10367,2023-02-23,3381.0,1
1517,10367,2023-02-24,1377.0,1
1518,10367,2023-02-25,3248.0,0
1519,10367,2023-02-26,603.0,1
1520,10367,2023-02-27,2815.0,1
1521,10367,2023-02-28,2481.0,1
1522,10367,2023-03-01,1535.0,1
1523,10367,2023-03-02,1208.0,1
1524,10367,2023-03-03,1750.0,1
1525,10367,2023-03-04,2045.0,1
1526,10367,2023-03-05,897.0,1
1527,10367,2023-03-06,2410.0,1
1528,10367,2023-03-07,2158.0,0
1529,10367,2023-03-08,2846.0,1
1530,10367,2023-03-09,3498.0,1
1531,10367,2023-03-10,2083.0,1
1532,10367,2023-03-11,614.0,1
1533,10367,2023-03-12,913.0,1
1534,10367,2023-03-13,2125.0,0
1535,10367,2023-03-14,1620.0,1
1536,10367,2023-03-15,569.0,1
1537,10367,2023-03-16,3039.0,1
1538,10367,2023-03-17,3082.0,1
1539,10367,2023-03-18,2719.0,1
1540,10367,2023-03-19,1625.0,1
1541,10367,2023-03-20,3489.0,1
1542,10367,2023-03-21,1823.0,1
1543,10367,2023-03-22,1875.0,1
1544,10367,2023-03-23,2858.0,1
1545,10367,2023-03-24,2160.0,1
1546,10367,2023-03-25,644.0,1
1547,10367,2023-03-26,3489.0,1
1548,10367,2023-03-27,1632.0,1
1549,10367,2023-03-28,572.0,1
1550,10367,2023-03-29,1928.0,1
1551,10367,2023-03-30,874.0,1
1552,10367,2023-03-31,1832.0,1
1553,10367,2023-04-01,1725.0,1
1554,10367,2023-04-02,541.0,1
1555,10367,2023-04-03,3242.0,1
1556,10367,2023-04-04,2225.0,1
1557,10367,2023-04-05,3357.0,1
1558,10367,2023-04-06,3038.0,0
1559,10367,2023-04-07,2857.0,1
1560,10367,2023-04-08,1122.0,0
1561,10367,2023-04-09,2158.0,0
1562,10367,2023-04-10,2455.0,1
1563,10367,2023-04-11,2253.0,1
1564,10367,2023-04-12,3431.0,1
1565,10367,2023-04-13,1919.0,1
1566,10367,2023-04-14,2445.0,1
1567,10367,2023-04-15,1306.0,1
1568,10367,2023-04-16,1418.0,1
1569,10367,2023-04-17,1662.0,1
1570,10367,2023-04-18,1989.0,1
1571,10367,2023-04-19,646.0,1
1572,10367,2023-04-20,720.0,0
1573,10367,2023-04-21,2286.0,1
1574,10367,2023-04-22,2635.0,1
1575,10367,2023-04-23,3044.0,1
1576,10367,2023-04-24,2682.0,1
1577,10367,2023-04-25,1447.0,1
1578,10367,2023-04-26,1419.0,0
1579,10367,2023-04-27,2871.0,1
1580,10367,2023-04-28,1733.0,1
1581,10367,2023-04-29,1710.0,1
1582,10367,2023-04-30,1407.0,1
1583,10367,2023-05-01,2534.0,1
1584,10367,2023-05-02,2311.0,1
1585,10367,2023-05-03,1947.0,1
1586,10367,2023-05-04,2344.0,1
1587,10367,2023-05-05,3378.0,1
1588,10367,2023-05-06,2913.0,1
1589,10367,2023-05-07,1927.0,1
1590,10367,2023-05-08,692.0,1
1591,10367,2023-05-09,908.0,1
1592,10367,2023-05-10,539.0,1
1593,10367,2023-05-11,810.0,1
1594,10367,2023-05-12,1398.0,1
1595,10367,2023-05-13,1700.0,1
1596,10367,2023-05-14,2788.0,1
1597,10367,2023-05-15,2831.0,1
1598,10367,2023-05-16,1274.0,1
1599,10367,2023-05-17,913.0,1
1600,10367,2023-05-18,1483.0,1
1601,10367,2023-05-19,586.0,1
1602,10367,2023-05-20,676.0,1
1603,10367,2023-05-21,1143.0,1
1604,10367,2023-05-22,3188.0,1
1605,10367,2023-05-23,2191.0,1
1606,10367,2023-05-24,1196.0,1
1607,10367,2023-05-25,3209.0,0
1608,10367,2023-05-26,1220.0,0
1609,10367,2023-05-27,2227.0,1
1610,10367,2023-05-28,1669.0,1
1611,10367,2023-05-29,2127.0,1
1612,10367,2023-05-30,3459.0,1
1613,10367,2023-05-31,2405.0,0
1614,10367,2023-06-01,3297.0,1
1615,10367,2023-06-02,3347.0,1
1616,10367,2023-06-03,3294.0,0
1617,10367,2023-06-04,1724.0,1
1618,10367,2023-06-05,2509.0,1
1619,10367,2023-06-06,1747.0,1
1620,10367,2023-06-07,1300.0,1
1621,10367,2023-06-08,1615.0,1
1622,10367,2023-06-09,1477.0,1
1623,10367,2023-06-10,2970.0,1
1624,10367,2023-06-11,2281.0,1
1625,10367,2023-06-12,1523.0,1
1626,10367,2023-06-13,876.0,1
1627,10367,2023-06-14,560.0,1
1628,10367,2023-06-15,1118.0,1
1629,10367,2023-06-16,1861.0,1
1630,10367,2023-06-17,940.0,1
1631,10367,2023-06-18,1903.0,1
1632,10367,2023-06-19,2270.0,1
1633,10367,2023-06-20,699.0,1
1634,10367,2023-06-21,2538.0,1
1635,10367,2023-06-22,2662.0,1
1636,10367,2023-06-23,1749.0,1
1637,10367,2023-06-24,2266.0,1
1638,10367,2023-06-25,1583.0,1
1639,10367,2023-06-26,991.0,1
1640,10367,2023-06-27,3455.0,1
1641,10367,2023-06-28,3088.0,1
1642,10367,2023-06-29,823.0,1
1643,10367,2023-06-30,2483.0,1
1644,10367,2023-07-01,1266.0,1
1645,10367,2023-07-02,1309.0,1
1646,10367,2023-07-03,2549.0,0
1647,10367,2023-07-04,2520.0,1
1648,10367,2023-07-05,3193.0,1
1649,10367,2023-07-06,1215.0,1
1650,10367,2023-07-07,1390.0,1
1651,10367,2023-07-08,2338.0,1
1652,10367,2023-07-09,2449.0,1
1653,10367,2023-07-10,710.0,1
1654,10367,2023-07-11,802.0,1
1655,10367,2023-07-12,3252.0,1
1656,10367,2023-07-13,1307.0,1
1657,10367,2023-07-14,2112.0,1
1658,10367,2023-07-15,1053.0,0
1659,10367,2023-07-16,1917.0,1
1660,10367,2023-07-17,1129.0,1
1661,10367,2023-07-18,1454.0,0
1662,10367,2023-07-19,3173.0,1
1663,10367,2023-07-20,2350.0,1
1664,10367,2023-07-21,3109.0,1
1665,10367,2023-07-22,2138.0,1
1666,10367,2023-07-23,1791.0,1
1667,10367,2023-07-24,2270.0,0
1668,10367,2023-07-25,1095.0,1
1669,10367,2023-07-26,3042.0,1
1670,10367,2023-07-27,1852.0,1
1671,10367,2023-07-28,3070.0,1
1672,10367,2023-07-29,601.0,1
1673,10367,2023-07-30,3034.0,1
1674,10367,2023-07-31,1875.0,1
1675,10367,2023-08-01,508.0,1
1676,10367,2023-08-02,2214.0,1
1677,10367,2023-08-03,2338.0,1
1678,10367,2023-08-04,1637.0,0
1679,10367,2023-08-05,2572.0,1
1680,10367,2023-08-06,3209.0,1
1681,10367,2023-08-07,2235.0,1
1682,10367,2023-08-08,2116.0,1
1683,10367,2023-08-09,1844.0,1
1684,10367,2023-08-10,3237.0,1
1685,10367,2023-08-11,3012.0,1
1686,10367,2023-08-12,2280.0,1
1687,10367,2023-08-13,697.0,1
1688,10367,2023-08-14,1390.0,0
1689,10367,2023-08-15,3015.0,0
1690,10367,2023-08-16,1074.0,1
1691,10367,2023-08-17,1098.0,1
1692,10367,2023-08-18,904.0,1
1693,10367,2023-08-19,1283.0,1
1694,10367,2023-08-20,1603.0,1
1695,10367,2023-08-21,1030.0,0
1696,10367,2023-08-22,1560.0,1
1697,10367,2023-08-23,3344.0,1
1698,10367,2023-08-24,547.0,1
1699,10367,2023-08-25,1449.0,1
1700,10367,2023-08-26,1881.0,1
1701,10367,2023-08-27,1850.0,0
1702,10367,2023-08-28,1875.0,1
1703,10367,2023-08-29,1083.0,1
1704,10367,2023-08-30,1085.0,1
1705,10367,2023-08-31,636.0,1
1706,10367,2023-09-01,2703.0,1
1707,10367,2023-09-02,1331.0,1
1708,10367,2023-09-03,1514.0,1
1709,10367,2023-09-04,2908.0,1
1710,10367,2023-09-05,2854.0,1
1711,10367,2023-09-06,1648.0,1
1712,10367,2023-09-07,2551.0,1
1713,10367,2023-09-08,1758.0,1
1714,10367,2023-09-09,1089.0,0
1715,10367,2023-09-10,1638.0,1
1716,10367,2023-09-11,909.0,1
1717,10367,2023-09-12,2404.0,1
1718,10367,2023-09-13,2587.0,1
1719,10367,2023-09-14,3208.0,1
1720,10367,2023-09-15,3493.0,1
1721,10367,2023-09-16,2408.0,1
1722,10367,2023-09-17,2604.0,1
1723,10367,2023-09-18,1715.0,1
1724,10367,2023-09-19,1124.0,1
1725,10367,2023-09-20,2980.0,1
1726,10367,2023-09-21,1745.0,1
1727,10367,2023-09-22,2447.0,1
1728,10367,2023-09-23,3019.0,1
1729,10367,2023-09-24,3242.0,1
1730,10367,2023-09-25,2143.0,1
1731,10367,2023-09-26,1701.0,1
1732,10367,2023-09-27,946.0,1
1733,10367,2023-09-28,1593.0,1
1734,10367,2023-09-29,2747.0,1
1735,10367,2023-09-30,1833.0,1
1736,10367,2023-10-01,533.0,0
1737,10367,2023-10-02,3303.0,1
1738,10367,2023-10-03,1691.0,1
1739,10367,2023-10-04,2933.0,1
1740,10367,2023-10-05,1197.0,1
1741,10367,2023-10-06,2002.0,1
1742,10367,2023-10-07,517.0,1
1743,10367,2023-10-08,1995.0,0
1744,10367,2023-10-09,1883.0,1
1745,10367,2023-10-10,765.0,1
1746,10367,2023-10-11,1283.0,1
1747,10367,2023-10-12,1404.0,1
1748,10367,2023-10-13,2628.0,1
1749,10367,2023-10-14,2445.0,1
1750,10367,2023-10-15,602.0,1
1751,10367,2023-10-16,3043.0,1
1752,10367,2023-10-17,624.0,1
1753,10367,2023-10-18,2214.0,1
1754,10367,2023-10-19,526.0,1
1755,10367,2023-10-20,2181.0,1
1756,10367,2023-10-21,1919.0,1
1757,10367,2023-10-22,3047.0,1
1758,10367,2023-10-23,1008.0,0
1759,10367,2023-10-24,1895.0,1
1760,10367,2023-10-25,1798.0,1
1761,10367,2023-10-26,729.0,1
1762,10367,2023-10-27,3315.0,1
1763,10367,2023-10-28,2845.0,0
1764,10367,2023-10-29,1325.0,1
1765,10367,2023-10-30,2147.0,1
1766,10367,2023-10-31,1206.0,1
1767,10367,2023-11-01,2761.0,1
1768,10367,2023-11-02,2762.0,0
1769,10367,2023-11-03,1053.0,1
1770,10367,2023-11-04,698.0,1
1771,10367,2023-11-05,2923.0,0
1772,10367,2023-11-06,2649.0,1
1773,10367,2023-11-07,569.0,0
1774,10367,2023-11-08,3489.0,0
1775,10367,2023-11-09,2840.0,1
1776,10367,2023-11-10,2770.0,1
1777,10367,2023-11-11,698.0,1
1778,10367,2023-11-12,2028.0,1
1779,10367,2023-11-13,1254.0,0
1780,10367,2023-11-14,533.0,1
1781,10367,2023-11-15,1550.0,1
1782,10367,2023-11-16,2654.0,1
1783,10367,2023-11-17,2874.0,1
1784,10367,2023-11-18,3365.0,1
1785,10367,2023-11-19,2157.0,1
1786,10367,2023-11-20,1809.0,1
1787,10367,2023-11-21,864.0,0
1788,10367,2023-11-22,777.0,1
1789,10367,2023-11-23,676.0,1
1790,10367,2023-11-24,809.0,1
1791,10367,2023-11-25,2497.0,1
1792,10367,2023-11-26,3385.0,1
1793,10367,2023-11-27,1569.0,1
1794,10367,2023-11-28,2197.0,1
1795,10367,2023-11-29,521.0,1
1796,10367,2023-11-30,605.0,1
1797,10367,2023-12-01,2643.0,1
1798,10367,2023-12-02,967.0,1
1799,10367,2023-12-03,1913.0,1
1800,10367,2023-12-04,785.0,1
1801,10367,2023-12-05,2407.0,1
1802,10367,2023-12-06,1510.0,1
1803,10367,2023-12-07,1207.0,1
1804,10367,2023-12-08,3216.0,1
1805,10367,2023-12-09,1180.0,1
1806,10367,2023-12-10,1055.0,0
1807,10367,2023-12-11,2116.0,1
1808,10367,2023-12-12,3318.0,1
1809,10367,2023-12-13,3420.0,1
1810,10367,2023-12-14,2332.0,1
1811,10367,2023-12-15,1902.0,1
1812,10367,2023-12-16,1324.0,1
1813,10367,2023-12-17,2926.0,1
1814,10367,2023-12-18,1238.0,1
1815,10367,2023-12-19,1951.0,1
1816,10367,2023-12-20,1235.0,1
1817,10367,2023-12-21,3139.0,0
1818,10367,2023-12-22,2280.0,1
1819,10367,2023-12-23,3334.0,1
1820,10367,2023-12-24,1388.0,1
1821,10367,2023-12-25,1140.0,1
1822,10367,2023-12-26,2082.0,1
1823,10367,2023-12-27,603.0,1
1824,10367,2023-12-28,1644.0,1
1825,10367,2023-12-29,1588.0,1
1826,10367,2023-12-30,3401.0,1
1827,10367,2023-12-31,1467.0,1
1828,10367,2024-01-01,2117.0,1
1829,10367,2024-01-02,2112.0,0
1830,10367,2024-01-03,1204.0,0
1831,10367,2024-01-04,1252.0,1
1832,10367,2024-01-05,1313.0,1
1833,10367,2024-01-06,2131.0,1
1834,10367,2024-01-07,2248.0,1
1835,10367,2024-01-08,3439.0,1
1836,10367,2024-01-09,1266.0,1
1837,10367,2024-01-10,640.0,1
1838,10367,2024-01-11,781.0,1
1839,10367,2024-01-12,2711.0,1
1840,10367,2024-01-13,2309.0,1
1841,10367,2024-01-14,1550.0,1
1842,10367,2024-01-15,1905.0,1
1843,10367,2024-01-16,529.0,0
1844,10367,2024-01-17,1115.0,1
1845,10367,2024-01-18,2641.0,1
1846,10367,2024-01-19,1197.0,1
1847,10367,2024-01-20,3433.0,1
1848,10367,2024-01-21,2378.0,1
1849,10367,2024-01-22,2043.0,0
1850,10367,2024-01-23,1121.0,1
1851,10367,2024-01-24,790.0,1
1852,10367,2024-01-25,821.0,0
1853,10367,2024-01-26,711.0,1
1854,10367,2024-01-27,1106.0,1
1855,10367,2024-01-28,2885.0,1
1856,10367,2024-01-29,995.0,1
1857,10367,2024-01-30,1374.0,1
1858,10367,2024-01-31,2055.0,1
1859,10367,2024-02-01,984.0,1
1860,10367,2024-02-02,2657.0,0
1861,10367,2024-02-03,2059.0,1
1862,10367,2024-02-04,2341.0,0
1863,10367,2024-02-05,1012.0,1
1864,10367,2024-02-06,1811.0,1
1865,10367,2024-02-07,1143.0,1
1866,10367,2024-02-08,2670.0,1
1867,10367,2024-02-09,2495.0,1
1868,10367,2024-02-10,1917.0,1
1869,10367,2024-02-11,919.0,1
1870,10367,2024-02-12,1914.0,1
1871,10367,2024-02-13,779.0,0
1872,10367,2024-02-14,821.0,0
1873,10367,2024-02-15,3314.0,1
1874,10367,2024-02-16,2319.0,1
1875,10367,2024-02-17,1830.0,1
1876,10367,2024-02-18,2151.0,1
1877,10367,2024-02-19,2555.0,1
1878,10367,2024-02-20,2865.0,1
1879,10367,2024-02-21,2639.0,1
1880,10367,2024-02-22,2146.0,1
1881,10367,2024-02-23,2423.0,1
1882,10367,2024-02-24,1616.0,1
1883,10367,2024-02-25,623.0,1
1884,10367,2024-02-26,1294.0,1
1885,10367,2024-02-27,2268.0,1
1886,10367,2024-02-28,3433.0,1
1887,10367,2024-02-29,3353.0,1
1888,10367,2024-03-01,669.0,1
1889,10367,2024-03-02,959.0,1
1890,10367,2024-03-03,1921.0,1
1891,10367,2024-03-04,2169.0,0
1892,10367,2024-03-05,2645.0,1
1893,10367,2024-03-06,2491.0,1
1894,10367,2024-03-07,960.0,1
1895,10367,2024-03-08,1544.0,0
1896,10367,2024-03-09,1691.0,1
1897,10367,2024-03-10,1458.0,1
1898,10367,2024-03-11,2200.0,1
1899,10367,2024-03-12,555.0,1
1900,10367,2024-03-13,2759.0,1
1901,10367,2024-03-14,2829.0,1
1902,10367,2024-03-15,1122.0,1
1903,10367,2024-03-16,2809.0,1
1904,10367,2024-03-17,1429.0,1
1905,10367,2024-03-18,608.0,0
1906,10367,2024-03-19,3224.0,0
1907,10367,2024-03-20,3222.0,1
1908,10367,2024-03-21,2275.0,1
1909,10367,2024-03-22,2725.0,1
1910,10367,2024-03-23,1644.0,1
1911,10367,2024-03-24,1651.0,1
1912,10367,2024-03-25,1909.0,1
1913,10367,2024-03-26,848.0,1
1914,10367,2024-03-27,2209.0,0
1915,10367,2024-03-28,1836.0,1
1916,10367,2024-03-29,1240.0,1
1917,10367,2024-03-30,3250.0,1
1918,10367,2024-03-31,2150.0,0
1919,10367,2024-04-01,2655.0,0
1920,10367,2024-04-02,2355.0,1
1921,10367,2024-04-03,1595.0,1
1922,10367,2024-04-04,1761.0,1
1923,10367,2024-04-05,1752.0,1
1924,10367,2024-04-06,3355.0,1
1925,10367,2024-04-07,2378.0,1
1926,10367,2024-04-08,2483.0,1
1927,10367,2024-04-09,2123.0,1
1928,10367,2024-04-10,3328.0,0
1929,10367,2024-04-11,2401.0,1
1930,10367,2024-04-12,1110.0,1
1931,10367,2024-04-13,3055.0,1
1932,10367,2024-04-14,3383.0,0
1933,10367,2024-04-15,1105.0,1
1934,10367,2024-04-16,3384.0,1
1935,10367,2024-04-17,1205.0,1
1936,10367,2024-04-18,1638.0,1
1937,10367,2024-04-19,1128.0,1
1938,10367,2024-04-20,2807.0,1
1939,10367,2024-04-21,1171.0,1
1940,10367,2024-04-22,1458.0,1
1941,10367,2024-04-23,1777.0,1
1942,10367,2024-04-24,1353.0,1
1943,10367,2024-04-25,1545.0,1
1944,10367,2024-04-26,3000.0,0
1945,10367,2024-04-27,1284.0,1
1946,10367,2024-04-28,1945.0,0
1947,10367,2024-04-29,933.0,1
1948,10367,2024-04-30,1714.0,1
1949,10367,2024-05-01,2315.0,1
1950,10367,2024-05-02,3459.0,1
1951,10367,2024-05-03,2727.0,1
1952,10367,2024-05-04,2440.0,1
1953,10367,2024-05-05,2743.0,1
1954,10367,2024-05-06,2649.0,1
1955,10367,2024-05-07,3044.0,1
1956,10367,2024-05-08,1587.0,1
1957,10367,2024-05-09,2347.0,1
1958,10367,2024-05-10,1033.0,1
1959,10367,2024-05-11,1369.0,1
1960,10367,2024-05-12,593.0,0
1961,10367,2024-05-13,2713.0,1
1962,10367,2024-05-14,2779.0,1
1963,10367,2024-05-15,658.0,1
1964,10367,2024-05-16,980.0,1
1965,10367,2024-05-17,3205.0,1
1966,10367,2024-05-18,2525.0,1
1967,10367,2024-05-19,1706.0,1
1968,10367,2024-05-20,2994.0,1
1969,10367,2024-05-21,2157.0,1
1970,10367,2024-05-22,2549.0,1
1971,10367,2024-05-23,698.0,0
1972,10367,2024-05-24,1267.0,1
1973,10367,2024-05-25,2408.0,1
1974,10367,2024-05-26,1961.0,1
1975,10367,2024-05-27,858.0,1
1976,10367,2024-05-28,1630.0,1
1977,10367,2024-05-29,1906.0,1
1978,10367,2024-05-30,802.0,1
1979,10367,2024-05-31,2191.0,1
1980,10367,2024-06-01,684.0,1
1981,10367,2024-06-02,1427.0,1
1982,10367,2024-06-03,1634.0,1
1983,10367,2024-06-04,2224.0,1
1984,10367,2024-06-05,1343.0,1
1985,10367,2024-06-06,2482.0,1
1986,10367,2024-06-07,566.0,0
1987,10367,2024-06-08,2656.0,1
1988,10367,2024-06-09,2529.0,1
1989,10367,2024-06-10,2926.0,1
1990,10367,2024-06-11,3072.0,1
1991,10367,2024-06-12,643.0,1
1992,10367,2024-06-13,865.0,1
1993,10367,2024-06-14,3034.0,0
1994,10367,2024-06-15,1936.0,1
1995,10367,2024-06-16,1021.0,1
1996,10367,2024-06-17,2662.0,1
1997,10367,2024-06-18,3384.0,1
1998,10367,2024-06-19,958.0,1
1999,10367,2024-06-20,981.0,1
2000,10367,2024-06-21,3363.0,1
2001,10367,2024-06-22,2907.0,1
2002,10367,2024-06-23,1544.0,1
2003,10367,2024-06-24,1407.0,1
2004,10367,2024-06-25,3207.0,0
2005,10367,2024-06-26,3215.0,1
2006,10367,2024-06-27,681.0,0
2007,10367,2024-06-28,3089.0,1
2008,10367,2024-06-29,3303.0,1
2009,10367,2024-06-30,1843.0,1
2010,10367,2024-07-01,2942.0,1
2011,10367,2024-07-02,1207.0,1
2012,10367,2024-07-03,737.0,1
2013,10367,2024-07-04,828.0,1
2014,10367,2024-07-05,2360.0,1
2015,10367,2024-07-06,1674.0,1
2016,10367,2024-07-07,1206.0,1
2017,10367,2024-07-08,1006.0,1
2018,10367,2024-07-09,1871.0,0
2019,10367,2024-07-10,552.0,1
2020,10367,2024-07-11,2380.0,0
2021,10367,2024-07-12,1081.0,1
2022,10367,2024-07-13,2678.0,1
2023,10367,2024-07-14,3086.0,1
2024,10367,2024-07-15,712.0,1
2025,10367,2024-07-16,3490.0,1
2026,10367,2024-07-17,1978.0,1
2027,10367,2024-07-18,2182.0,1
2028,10367,2024-07-19,1455.0,1
2029,10367,2024-07-20,2693.0,1
2030,10367,2024-07-21,2410.0,1
2031,10367,2024-07-22,850.0,1
2032,10367,2024-07-23,1241.0,1
2033,10367,2024-07-24,2679.0,1
2034,10367,2024-07-25,2820.0,1
2035,10367,2024-07-26,2107.0,1
2036,10367,2024-07-27,2223.0,1
2037,10367,2024-07-28,2025.0,0
2038,10367,2024-07-29,2872.0,1
2039,10367,2024-07-30,854.0,1
2040,10367,2024-07-31,1992.0,1
2041,10367,2024-08-01,1699.0,1
2042,10367,2024-08-02,2985.0,1
2043,10367,2024-08-03,2963.0,0
2044,10367,2024-08-04,1564.0,1
2045,10367,2024-08-05,1694.0,1
2046,10367,2024-08-06,2984.0,0
2047,10367,2024-08-07,2685.0,1
2048,10367,2024-08-08,2361.0,0
2049,10367,2024-08-09,2299.0,1
2050,10367,2024-08-10,1468.0,1
2051,10367,2024-08-11,1411.0,0
2052,10367,2024-08-12,2819.0,1
2053,10367,2024-08-13,2519.0,1
2054,10367,2024-08-14,1763.0,1
2055,10367,2024-08-15,1867.0,1
2056,10367,2024-08-16,1161.0,1
2057,10367,2024-08-17,1505.0,1
2058,10367,2024-08-18,627.0,1
2059,10367,2024-08-19,1098.0,1
2060,10367,2024-08-20,2165.0,1
2061,10367,2024-08-21,2342.0,1
2062,10367,2024-08-22,2177.0,1
2063,10367,2024-08-23,2494.0,1
2064,10367,2024-08-24,2417.0,1
2065,10367,2024-08-25,3010.0,1
2066,10367,2024-08-26,3202.0,1
2067,10367,2024-08-27,555.0,1
2068,10367,2024-08-28,586.0,1
2069,10367,2024-08-29,2849.0,1
2070,10367,2024-08-30,1626.0,1
2071,10367,2024-08-31,2913.0,1
2072,10367,2024-09-01,2135.0,1
2073,10367,2024-09-02,1727.0,1
2074,10367,2024-09-03,2992.0,1
2075,10367,2024-09-04,2176.0,1
2076,10367,2024-09-05,2396.0,1
2077,10367,2024-09-06,2069.0,1
2078,10367,2024-09-07,1140.0,1
2079,10367,2024-09-08,1214.0,1
2080,10367,2024-09-09,2471.0,1
2081,10367,2024-09-10,3407.0,1
2082,10367,2024-09-11,3349.0,1
2083,10367,2024-09-12,2353.0,1
2084,10367,2024-09-13,2972.0,1
2085,10367,2024-09-14,1452.0,1
2086,10367,2024-09-15,1397.0,0
2087,10367,2024-09-16,2464.0,1
2088,10367,2024-09-17,2216.0,1
2089,10367,2024-09-18,2344.0,1
2090,10367,2024-09-19,2516.0,1
2091,10367,2024-09-20,3328.0,1
2092,10367,2024-09-21,1246.0,1
2093,10367,2024-09-22,1097.0,1
2094,10367,2024-09-23,1805.0,1
2095,10367,2024-09-24,3193.0,1
2096,10367,2024-09-25,3058.0,0
2097,10367,2024-09-26,3410.0,1
2098,10367,2024-09-27,1776.0,1
2099,10367,2024-09-28,2004.0,1
2100,10367,2024-09-29,3477.0,1
2101,10367,2024-09-30,1043.0,1
2102,10367,2024-10-01,755.0,1
2103,10367,2024-10-02,1455.0,1
2104,10367,2024-10-03,1297.0,1
2105,10367,2024-10-04,1852.0,1
2106,10367,2024-10-05,1030.0,1
2107,10367,2024-10-06,1392.0,1
2108,10367,2024-10-07,3442.0,1
2109,10367,2024-10-08,2019.0,1
2110,10367,2024-10-09,2284.0,0
2111,10367,2024-10-10,2149.0,1
2112,10367,2024-10-11,2307.0,1
2113,10367,2024-10-12,1749.0,1
2114,10367,2024-10-13,1131.0,1
2115,10367,2024-10-14,1336.0,0
2116,10367,2024-10-15,816.0,1
2117,10367,2024-10-16,1170.0,1
2118,10367,2024-10-17,1890.0,1
2119,10367,2024-10-18,1388.0,0
2120,10367,2024-10-19,2500.0,1
2121,10367,2024-10-20,2643.0,1
2122,10367,2024-10-21,1669.0,1
2123,10367,2024-10-22,1422.0,1
2124,10367,2024-10-23,2951.0,1
2125,10367,2024-10-24,2126.0,0
2126,10367,2024-10-25,1432.0,1
2127,10367,2024-10-26,1506.0,1
2128,10367,2024-10-27,595.0,1
2129,10367,2024-10-28,2623.0,0
2130,10367,2024-10-29,3455.0,1
2131,10367,2024-10-30,1430.0,1
2132,10367,2024-10-31,2288.0,1
2133,10367,2024-11-01,2054.0,1
2134,10367,2024-11-02,563.0,1
2135,10367,2024-11-03,679.0,1
2136,10367,2024-11-04,1795.0,1
2137,10367,2024-11-05,2716.0,1
2138,10367,2024-11-06,3286.0,1
2139,10367,2024-11-07,1504.0,0
2140,10367,2024-11-08,2929.0,1
2141,10367,2024-11-09,1711.0,1
2142,10367,2024-11-10,1429.0,1
2143,10367,2024-11-11,1636.0,1
2144,10367,2024-11-12,1875.0,1
2145,10367,2024-11-13,3352.0,1
2146,10367,2024-11-14,1581.0,1
2147,10367,2024-11-15,1297.0,1
2148,10367,2024-11-16,3019.0,0
2149,10367,2024-11-17,2974.0,1
2150,10367,2024-11-18,3215.0,1
2151,10367,2024-11-19,1389.0,1
2152,10367,2024-11-20,3458.0,1
2153,10367,2024-11-21,528.0,1
2154,10367,2024-11-22,2129.0,1
2155,10367,2024-11-23,1046.0,1
2156,10367,2024-11-24,3107.0,1
2157,10367,2024-11-25,1060.0,1
2158,10367,2024-11-26,2306.0,1
2159,10367,2024-11-27,2629.0,1
2160,10367,2024-11-28,3165.0,0
2161,10367,2024-11-29,2805.0,1
2162,10367,2024-11-30,2258.0,1
2163,10367,2024-12-01,2075.0,1
2164,10367,2024-12-02,721.0,1
2165,10367,2024-12-03,3213.0,1
2166,10367,2024-12-04,630.0,1
2167,10367,2024-12-05,3189.0,1
2168,10367,2024-12-06,2688.0,0
2169,10367,2024-12-07,2962.0,1
2170,10367,2024-12-08,3083.0,1
2171,10367,2024-12-09,572.0,1
2172,10367,2024-12-10,2042.0,1
2173,10367,2024-12-11,720.0,1
2174,10367,2024-12-12,2541.0,1
2175,10367,2024-12-13,3309.0,1
2176,10367,2024-12-14,987.0,0
2177,10367,2024-12-15,2346.0,0
2178,10367,2024-12-16,2451.0,1
2179,10367,2024-12-17,3131.0,1
2180,10367,2024-12-18,745.0,1
2181,10367,2024-12-19,1097.0,1
2182,10367,2024-12-20,1368.0,0
2183,10367,2024-12-21,1219.0,1
2184,10367,2024-12-22,1588.0,1
2185,10367,2024-12-23,3403.0,1
2186,10367,2024-12-24,2275.0,0
2187,10367,2024-12-25,2466.0,1
2188,10367,2024-12-26,621.0,1
2189,10367,2024-12-27,988.0,1
2190,10367,2024-12-28,978.0,1
2191,10367,2024-12-29,2022.0,1
2192,10367,2024-12-30,2532.0,1
2193,10367,2024-12-31,790.0,1
